product_code,name,category,supplier,selling_price,cost_price,unit,last_updated
6978026020590,08A Scissors,General Merchandise,,4.5,,Each,2026-07-03 15:44:20
8888200716103,100 Plus Active 500ml,Beverages,,1.7,,Each,2026-07-03 15:44:20
8888200716387,100 Plus Lemon 500ml,Beverages,,1.7,,Each,2026-07-03 15:44:20
8888200708696,100 PLUS Zero,Beverages,,1.1,,Each,2026-07-03 15:44:20
8888200716547,100 Plus Zero Peach,Beverages,,1.7,,Each,2026-07-03 15:44:20
8888200708009,100PLUS 300ML,Beverages,,1.1,,Each,2026-07-03 15:44:20
8888200708016,100Plus 500ML,Beverages,,1.6,,Each,2026-07-03 15:44:20
8888200716080,100Plus Active 1.5L,Beverages,,2.8,,Each,2026-07-03 15:44:20
8888200716721,100Plus Grape 320ml,Beverages,,1.2,,Each,2026-07-03 15:44:20
8888200707019,100plus Lemon,Beverages,,1,,Each,2026-07-03 15:44:20
8888200716141,100plus Original,Beverages,,1.2,0,Each,2026-07-09T19:54:57
8888200716226,100plus Original 1.5,Beverages,,2.7,0,Each,2026-07-14T20:49:12
8888200708023,100PLUS ORIGINAL 1.5L,Beverages,,2.7,,Each,2026-07-03 15:44:20
8888200716264,100plus zero 300ml,Beverages,,1.2,,Each,2026-07-03 15:44:20
8888200716325,100plus Zero 1.5l,Beverages,,2.7,0,Each,2026-07-11T19:55:49
8888200716301,100plus Zero 500ml,Beverages,,1.7,0,Each,2026-07-11T16:43:04
8888200716554,100Plus Zero Peach 1.5L,Beverages,,2.8,,Each,2026-07-03 15:44:20
8888200708733,100plus Zero Sugar,Beverages,,1.6,,Each,2026-07-03 15:44:20
8888200708078,100plus24*320ml,Beverages,,19,,Each,2026-07-03 15:44:20
8881304724821,165SP 50s,Household Products,,1.3,,Each,2026-07-03 15:44:20
8906033091058,1848,Liquor,,41,,Each,2026-07-03 15:44:20
8906033091072,1848 180ml,Liquor,,11.8,,Each,2026-07-03 15:44:20
8906033091065,1848 375ml,Liquor,,21,,Each,2026-07-03 15:44:20
8901030985812,3 Roses 100g,Breakfast Items,,3.1,,Each,2026-07-03 15:44:20
8909106056152,3 Roses 250g,Breakfast Items,,5.9,,Each,2026-07-03 15:44:20
8901030868894,3 Roses N Care 250g,Breakfast Items,,6.6,,Each,2026-07-03 15:44:20
8909106056145,3 Roses Tea,Breakfast Items,,3.2,,Each,2026-07-03 15:44:20
8901030194122,3 ROSES TEA 100G,Breakfast Items,,2.9,,Each,2026-07-03 15:44:20
8901030985829,3 ROSES TEA 250G,Breakfast Items,,5.9,,Each,2026-07-03 15:44:20
8888279300173,328 Katong Laksa Bowl,Noodles,,2.9,,Each,2026-07-03 15:44:20
8888279640156,328 Katong Laksa,Noodles,,6.4,,Each,2026-07-03 15:44:20
8850304231493,3M Scotch 25mm,General Merchandise,,8.9,,Each,2026-07-03 15:44:20
8850304231448,3M Scotch DS Tape,General Merchandise,,5.9,,Each,2026-07-03 15:44:20
8901030404559,3ROSES TEA 250G,Breakfast Items,,5.9,,Each,2026-07-03 15:44:20
8901063136700,50-50 Biscuits,Snacks,,0.8,,Each,2026-07-03 15:44:20
9556775002943,555 Notebook,General Merchandise,,0.8,,Each,2026-07-03 15:44:20
8888090251401,706 Dishwash 5l,Household Products,,5.2,0,Each,2026-07-15T12:14:34
897231002848,777 Nannari Sharbat,Indian Provision,,4.5,,Each,2026-07-03 15:44:20
9556404007158,7up 1.5L,Beverages,,2.5,,Each,2026-07-03 15:44:20
9556404007035,7up 320ml,Beverages,,1,,Each,2026-07-03 15:44:20
9556404007059,7up 500ml,Beverages,,1.5,,Each,2026-07-03 15:44:20
9557572099990,999 SOAP 90G,Personal Care,,1.3,,Each,2026-07-03 15:44:20
8881300203009,A Buttermilk,Beverages,,1.6,,Each,2026-07-03 15:44:20
8906021123990,A Chicken Curry Masala,Indian Provision,,2.4,,Each,2026-07-03 15:44:20
8887300032267,A Corn Chips,Snacks,,1,,Each,2026-07-03 15:44:20
8881300203177,A Dry Prawn,Indian Provision,,3.5,,Each,2026-07-03 15:44:20
8887300032939,A Fine Mixture,Snacks,,3.5,,Each,2026-07-03 15:44:20
602772243168,A Grated Coconut,Frozen Food,,2,,Each,2026-07-03 15:44:20
602772243182,A Green Peas,Frozen Food,,2.2,,Each,2026-07-03 15:44:20
602772243212,A Green Peas 500g,Frozen Food,,4,,Each,2026-07-03 15:44:20
1111111552971,A Ikan Kering,Indian Provision,,2.5,,Each,2026-07-03 15:44:20
8887300032595,A Murukku,Indian Snacks,,1,,Each,2026-07-03 15:44:20
8906021124027,A Red Chilli Powder,Indian Provision,,2.6,,Each,2026-07-03 15:44:20
8887300032274,A Round Murukku,Indian Snacks,,3.5,,Each,2026-07-03 15:44:20
8887300032182,A Spicy Murukku,Indian Snacks,,3.5,,Each,2026-07-03 15:44:20
8888307773443,A STARFRUIT,Beverages,,1.8,,Each,2026-07-03 15:44:20
8906021123815,A Vathaculambu Paste,Indian Provision,,2.4,,Each,2026-07-03 15:44:20
9551022470285,A&w 1.5l,Beverages,,2.6,0,Each,2026-07-18T16:37:12
9555589200002,A&w 300ml,Beverages,,1,0,Each,2026-07-13T15:01:45
9555589203461,A&W 320*12,Beverages,,9.6,,Each,2026-07-03 15:44:20
9551022470421,A&w 500ml,Beverages,,1.6,0,Each,2026-07-17T21:50:18
6975073836600,a1 banana bread,Bakery Goods,,1.2,,Each,2026-07-03 15:44:20
6970410585456,A1 Cantaloupe,General Merchandise,,1.2,,Each,2026-07-03 15:44:20
8906021121187,Aachi GARAM MASALA 200G,Indian Provision,,3.4,,Each,2026-07-03 15:44:20
8906021121729,Aachi IDLYCHILLY POWDER 200G,Indian Provision,,2.8,,Each,2026-07-03 15:44:20
8904209305459,Aachi B Masla 50g,Indian Provision,,2.6,,Each,2026-07-03 15:44:20
8906021120197,AACHI BAJJI BONDA PDR 200G,Indian Provision,,2.4,,Each,2026-07-03 15:44:20
8906021124003,Aachi chicken 65,Indian Provision,,3.4,,Each,2026-07-03 15:44:20
8906021124119,Aachi Garam Masala,Indian Provision,,2.6,,Each,2026-07-03 15:44:20
8906021121286,AACHI GARLIC PICKL 300 GM,Indian Provision,,2.4,,Each,2026-07-03 15:44:20
8904209313393,Aachi Ginger Powder,Indian Provision,,1.8,,Each,2026-07-03 15:44:20
8906021128698,Aachi Green Chilli,Indian Provision,,2.4,,Each,2026-07-03 15:44:20
8904209303554,Aachi Mutton Masala,Indian Provision,,2.6,,Each,2026-07-03 15:44:20
8906021124270,Aachi Sambar powder,Indian Provision,,2.4,,Each,2026-07-03 15:44:20
8901725150129,Aashirvaad Atta 1kg,Indian Provision,,3,0,Each,2026-07-14T17:15:08
9556041613941,AB TUNA SUNFLOWER OIL,Canned Food,,3.8,,Each,2026-07-03 15:44:20
711844120075,ABC Extra Hot,Condiments & Sauce,,2.8,,Each,2026-07-03 15:44:20
711844120013,ABC SAMBAL CHILLI SAUCE 400G,Kitchen Essentials,,2.8,,Each,2026-07-03 15:44:20
8888017400011,ABC STOUT 330ML,Beer,,3.8,,Each,2026-07-03 15:44:20
7312040017201,ABS Vodka 200cl,Liquor,,16.9,,Each,2026-07-03 15:44:20
7312040017591,ABS Vodka 375cl,Liquor,,28.5,,Each,2026-07-03 15:44:20
7312040017683,ABS Vodka 700cl,Liquor,,49,,Each,2026-07-03 15:44:20
8885003130105,AC Chicken & Crab,Pet Products,,1.2,,Each,2026-07-03 15:44:20
8885003130129,AC Chicken & Mackerel,Pet Products,,1.2,,Each,2026-07-03 15:44:20
8885003130150,AC Chicken & Tuna,Pet Products,,1.2,,Each,2026-07-03 15:44:20
8885003130136,AC Chicken Sardine,Pet Products,,1.2,,Each,2026-07-03 15:44:20
8885003130143,AC Chicken& Shirasu,Pet Products,,1.2,,Each,2026-07-03 15:44:20
8885003132024,AC Country Delight,Pet Products,,6.5,,Each,2026-07-03 15:44:20
8885003132031,AC gourmet Delight,Pet Products,,6.5,,Each,2026-07-03 15:44:20
8885003132000,AC Ocean Delight,Pet Products,,6.5,,Each,2026-07-03 15:44:20
8885003132017,AC Seafood Delight,Pet Products,,6.5,,Each,2026-07-03 15:44:20
8885003130037,AC Tuna & Anchovy,Pet Products,,1.2,,Each,2026-07-03 15:44:20
8885003130303,AC Tuna & Beef,Pet Products,,1.2,,Each,2026-07-03 15:44:20
8885003130310,AC Tuna & Crab,Pet Products,,1.2,,Each,2026-07-03 15:44:20
8885003130075,AC Tuna & Pumpkin,Pet Products,,1.2,,Each,2026-07-03 15:44:20
8885003130327,AC Tuna & Salmon,Pet Products,,1.2,,Each,2026-07-03 15:44:20
8885003130334,AC Tuna & Sardine,Pet Products,,1.2,,Each,2026-07-03 15:44:20
8885003130051,AC Tuna & Shrimp,Pet Products,,1.2,,Each,2026-07-03 15:44:20
8885003130358,AC Tuna & Snapper,Pet Products,,1.2,,Each,2026-07-03 15:44:20
8885003130020,AC Tuna & Tilapia,Pet Products,,1.2,,Each,2026-07-03 15:44:20
8885003130068,AC Tuna& Surimi,Pet Products,,1.2,,Each,2026-07-03 15:44:20
8885003130044,AC Tuna&Chicken,Pet Products,,1.2,,Each,2026-07-03 15:44:20
8885003130372,AC Tuna&OC Fish,Pet Products,,1.2,,Each,2026-07-03 15:44:20
9556252452100,ADABI CUCUR BAWANG 200G,Kitchen Essentials,,2.1,,Each,2026-07-03 15:44:20
9556252452001,ADABI CUCUR IKAN BILIS 200G,Kitchen Essentials,,2.1,,Each,2026-07-03 15:44:20
9556252452025,ADABI CUCUR LEMAK MANIS 200G,Kitchen Essentials,,2.1,,Each,2026-07-03 15:44:20
9556252452018,ADABI CUCUR UDANG 200G,Kitchen Essentials,,2.1,,Each,2026-07-03 15:44:20
3616303440787,adidas ICE DIVE,Personal Care,,4.1,,Each,2026-07-03 15:44:20
3616307110495,Adidas Ice Dive1,Personal Care,,4.1,0,Each,2026-07-21T13:22:02
3616303441302,adidas TF,Personal Care,,4.1,,Each,2026-07-03 15:44:20
8888140110054,AGAR AGAR STRIP,Kitchen Essentials,,2.3,,Each,2026-07-03 15:44:20
8888338001683,AGAR-AGAR Orange,Kitchen Essentials,,1.5,,Each,2026-07-03 15:44:20
8888338001188,AGAR-AGAR POWDER 10G white,Kitchen Essentials,,1.5,,Each,2026-07-03 15:44:20
8888338001287,AGAR-AGAR POWDER 10G green,Kitchen Essentials,,1.5,,Each,2026-07-03 15:44:20
9555021516791,AH Classic,Breakfast Items,,6.5,,Each,2026-07-03 15:44:20
9555021506372,AH Extra Rich,Breakfast Items,,6.8,,Each,2026-07-03 15:44:20
9555021516302,AH Gao Siew Dai,Breakfast Items,,7.8,,Each,2026-07-03 15:44:20
9555021516425,AH Gold Medal,Breakfast Items,,6.8,,Each,2026-07-03 15:44:20
9555021506396,AH Hazelnut,Breakfast Items,,6.8,,Each,2026-07-03 15:44:20
9555021506198,AH Kopi O kosong,Breakfast Items,,4.9,,Each,2026-07-03 15:44:20
9555021506228,AH Kopi O,Breakfast Items,,5.4,,Each,2026-07-03 15:44:20
9555021506389,AH White Coffee,Breakfast Items,,6,,Each,2026-07-03 15:44:20
9555021516739,AH White Coffee Extra Rich,Breakfast Items,,6.8,,Each,2026-07-03 15:44:20
8887300032014,AJ Corn Chips 400G,Indian Snacks,,3.5,,Each,2026-07-03 15:44:20
8994877010038,AJINOMOTO 1kg,Kitchen Essentials,,6.9,,Each,2026-07-03 15:44:20
9556045100904,Ajinomoto 300g,Kitchen Essentials,,3.2,0,Each,2026-07-15T12:45:38
9555149608996,Ajinomoto 33g,Kitchen Essentials,,1,0,Each,2026-07-11T13:07:36
95503370,AJINOMOTO 72G,Kitchen Essentials,,1.5,,Each,2026-07-03 15:44:20
95501260,AJINOMOTO AJI-SHIO PEPPER 80G,Kitchen Essentials,,2,,Each,2026-07-03 15:44:20
8887300032243,Ajmir Boondi,Indian Snacks,,1,,Each,2026-07-03 15:44:20
8887300032656,AJMIR Garlic,Indian Snacks,,3.5,,Each,2026-07-03 15:44:20
8887300032038,AJMIR Mixture 350 g,Indian Snacks,,3.5,,Each,2026-07-03 15:44:20
8887300032212,Ajmir Mixture non spicy,Indian Snacks,,1,,Each,2026-07-03 15:44:20
8887300032908,Ajmir Mixture,Indian Snacks,,1,,Each,2026-07-03 15:44:20
8887300032021,AJMIR MIXTURE 500GM,Indian Snacks,,3.5,,Each,2026-07-03 15:44:20
8887300032137,AJMIR MURUKU 100GM,Indian Snacks,,1,,Each,2026-07-03 15:44:20
8887300032229,AJMIR PAKODA 100G,Indian Snacks,,1,,Each,2026-07-03 15:44:20
8887300032250,AJMIR PAKODA 100GM,Indian Snacks,,1,,Each,2026-07-03 15:44:20
8887300032151,AJMIR ROUND MURUKU 100GM,Indian Snacks,,1,,Each,2026-07-03 15:44:20
8887300032168,AJMIR ROUND MURUKU 300G,Indian Snacks,,3.5,,Each,2026-07-03 15:44:20
8887300032236,Ajmir Spicy,Indian Snacks,,1,,Each,2026-07-03 15:44:20
8887300032083,Ajmir Spicy Muruku,Indian Snacks,,1,,Each,2026-07-03 15:44:20
8887300032090,AJMIR SPICY MURUKU 400G,Indian Snacks,,3.5,,Each,2026-07-03 15:44:20
8887300032205,Ajmir Sweets Nice,Indian Snacks,,1,,Each,2026-07-03 15:44:20
8887300032762,Ajmir Sweets Very nice,Indian Snacks,,1,,Each,2026-07-03 15:44:20
8888546111334,AJWAIN SEED 50G,Indian Provision,,1,,Each,2026-07-03 15:44:20
8888546111112,Ajwain Seeds,Indian Provision,,1.3,,Each,2026-07-03 15:44:20
8888307773313,ALLSWELL Chesnut,Beverages,,1.8,,Each,2026-07-03 15:44:20
4710696104987,ALLSWELL GPear,Beverages,,1.8,,Each,2026-07-03 15:44:20
8888307361145,ALLSWELL Plum,Beverages,,1.8,,Each,2026-07-03 15:44:20
8881300203016,ALVAS BONE 200G,Indian Provision,,2.5,,Each,2026-07-03 15:44:20
9555448102706,ALVAS DRIED PRAWN 100G,Indian Provision,,3.3,,Each,2026-07-03 15:44:20
9555448102737,ALVAS IKAN BULU 100G,Indian Provision,,2.5,,Each,2026-07-03 15:44:20
8886278607248,Alvas Ikanbilis,Indian Provision,,2,0,Each,2026-07-19T12:29:41
9555448102867,Alvas Kunnig2,Indian Provision,,3,,Each,2026-07-03 15:44:20
8881300203061,Alvas Yoghurt,Dairy Products,,3.1,,Each,2026-07-03 15:44:20
8886378607254,ALVAS YOGHURT 1kg,Dairy Products,,6.3,,Each,2026-07-03 15:44:20
8886378607018,ALVAS YOGURT 200ML,Dairy Products,,1.3,,Each,2026-07-03 15:44:20
8886378607285,ALVAS YOGURT 500ML,Dairy Products,,3.2,,Each,2026-07-03 15:44:20
9555448102676,ALWAYS KURAU RED,Indian Provision,,2.6,,Each,2026-07-03 15:44:20
8886456602096,AMBIKA GINGELLY OIL 300ML,Personal Care,,4,,Each,2026-07-03 15:44:20
8886456601020,AMBIKAS CHAMPHOR 180GM,Indian Provision,,2.8,,Each,2026-07-03 15:44:20
8886456605578,Ambikas Gingelly Oil,Personal Care,,3.1,,Each,2026-07-03 15:44:20
8886456603031,AMBIKAS IDDLY RICE 1KG,Indian Provision,,2.8,,Each,2026-07-03 15:44:20
8886456606926,AMBIKAS TAMARIND 500G,Kitchen Essentials,,3.8,,Each,2026-07-03 15:44:20
89009550,Amla Hair Oil,Personal Care,,2.6,,Each,2026-07-03 15:44:20
4987072810040,AMMELTZ YOKO YOKO 48ML,Personal Care,,5.9,,Each,2026-07-03 15:44:20
4987072810033,AMMELTZ YOKO YOKO 82ML,Personal Care,,6.5,,Each,2026-07-03 15:44:20
8901262152860,Amul Buffalo Milk,Breakfast Items,,2.9,,Each,2026-07-03 15:44:20
18901262152867,AMUL Buffalo Mlik12s,Breakfast Items,,32,,Each,2026-07-03 15:44:20
8901262010016,AMUL BUTTER 100G,Dairy Products,,2,,Each,2026-07-03 15:44:20
8901262200233,Amul Buttermilk,Dairy Products,,2.9,,Each,2026-07-03 15:44:20
888827910209,Amul Cheese,Dairy Products,,4.9,0,Each,2026-07-15T14:22:05
656846570490,Amul Cheese 10s,Dairy Products,,4.9,0,Each,2026-07-16T18:11:31
8901262020060,Amul Cheese 1kg,Frozen Food,,14.9,,Each,2026-07-03 15:44:20
8901262030250,AMUL GHEE 500 ML,Indian Provision,,7.5,,Each,2026-07-03 15:44:20
8901262150071,AMUL GOLD 1LTR,Breakfast Items,,2.8,,Each,2026-07-03 15:44:20
8901262200196,Amul Masti 200ml,Breakfast Items,,1.1,,Each,2026-07-03 15:44:20
8901262180023,AMUL PANEER 1KG,Dairy Products,,10.9,,Each,2026-07-03 15:44:20
8901262180061,AMUL PANEER 200G,Dairy Products,,2.7,,Each,2026-07-03 15:44:20
8901262180016,AMUL PANEER 200GM,Dairy Products,,2.8,,Each,2026-07-03 15:44:20
8901262030243,Amul Pure Cow Ghee,Indian Provision,,15.9,,Each,2026-07-03 15:44:20
8901262030441,AMUL PURE GHEE 280.ML,Indian Provision,,4.44,,Each,2026-07-03 15:44:20
8901262010160,Amul Unsalted Butter,Dairy Products,,7.3,,Each,2026-07-03 15:44:20
8901262150064,AMULTAZZA 1LTR,Breakfast Items,,2.4,,Each,2026-07-03 15:44:20
8904064604247,Amutham Dosa Batter,Indian Provision,,3.5,,Each,2026-07-03 15:44:20
602772242338,Amutham Mixted Veg,Frozen Food,,2,,Each,2026-07-03 15:44:20
8885002891243,Anarkali 10kg,Rice,,24.5,,Each,2026-07-03 15:44:20
8885002891250,Anarkali 5kg,Rice,,10.8,,Each,2026-07-03 15:44:20
8885002891298,Anarkali Idly Rice,Rice,,10.8,,Each,2026-07-03 15:44:20
AK25,Anarkali Ponni 25kg,Rice,,49,49,Each,2026-07-03 15:44:20
8885002891137,Anarkali Raw Rice,Rice,,3.6,,Each,2026-07-03 15:44:20
9415007016649,Anchor Salted Butter 250g,Dairy Products,,4.9,,Each,2026-07-03 15:44:20
8888017100010,ANCHOR SMOOTH 320ML,Beer,,2,,Each,2026-07-03 15:44:20
8888017120308,ANCHOR SMOOTH 500ML,Beer,,3.6,,Each,2026-07-03 15:44:20
A12,Anchor Strong 3 For $12,Beer,,12,0,Each,2026-07-16T15:03:01
8888017180012,ANCHOR STRONG 500ML,Beer,,4.2,,Each,2026-07-03 15:44:20
as,Anchor Strong Offer,Beer,,4.2,4.2,Each,2026-07-03 15:44:20
8906042151163,Anil Kozukattai Flour,Indian Provision,,2.4,,Each,2026-07-03 15:44:20
8906042150074,Anil Raagi,Indian Provision,,1.5,,Each,2026-07-03 15:44:20
8906042150050,Anil Roasted vermicelli,Kitchen Essentials,,1.5,,Each,2026-07-03 15:44:20
8906019910021,ANIL ROASTED VERMICELLI 450G,Indian Provision,,1.8,,Each,2026-07-03 15:44:20
726165673049,Apollo Milk Cream,Bakery Goods,,1.3,0,Each,2026-07-13T14:59:53
726165663040,Apollo Millk Choc,Snacks,,1.3,0,Each,2026-07-10T16:30:23
8888200650117,Apple,F&n,,1.3,,Each,2026-07-03 15:44:20
8888026473075,APPLE & ALOE VERA 250ML,Personal Care,,1.2,,Each,2026-07-03 15:44:20
8888200615383,Apple No Sugar,F&n,,2.9,,Each,2026-07-03 15:44:20
5000347091766,Aquafresh Type 1,Personal Care,,5.5,,Each,2026-07-03 15:44:20
8888008100142,Aquafresh Type 2,Personal Care,,4.5,,Each,2026-07-03 15:44:20
9556019001473,Aquafresh Type 3,Personal Care,,5.6,,Each,2026-07-03 15:44:20
8888008100159,Aquafresh M,Personal Care,,5.6,,Each,2026-07-03 15:44:20
9556252800017,ASAM JAWA,Kitchen Essentials,,2.9,,Each,2026-07-03 15:44:20
8886345364999,ASSORTED GUMMY 95GM,Snacks,,1.3,,Each,2026-07-03 15:44:20
8992727002103,ATTACK COLOUR 1KG,Household Products,,3.2,,Each,2026-07-03 15:44:20
8992727002479,Attack Softener,Household Products,,3.7,,Each,2026-07-03 15:44:20
9556019001480,Auafresh Soft,Household Products,,5.6,,Each,2026-07-03 15:44:20
8888115000199,AXE INHALER CAP KAPAK,Personal Care,,1.3,,Each,2026-07-03 15:44:20
7791293048895,Axe Marine,Personal Care,,4.1,0,Each,2026-07-21T13:21:29
8888115000113,Axe Oil 1,Personal Care,,6.3,,Each,2026-07-03 15:44:20
8888115000144,AXE OIL 10ML,Personal Care,,2.1,,Each,2026-07-03 15:44:20
8888115000137,AXE OIL 14ML,Personal Care,,2.6,,Each,2026-07-03 15:44:20
8888115000120,AXE OIL 28ML,Personal Care,,4.6,,Each,2026-07-03 15:44:20
8888115000168,AXE OIL 3ML,Personal Care,,1.1,,Each,2026-07-03 15:44:20
8888115000151,AXE OIL 5ML,Personal Care,,1.4,,Each,2026-07-03 15:44:20
9556031162152,AXION LEMON PASTE 400G,Personal Care,,2.1,,Each,2026-07-03 15:44:20
9556031162145,AXION LIME PASTE 400G,Personal Care,,2.1,,Each,2026-07-03 15:44:20
95502335,AYAM CHILLI TUNA 185G,Canned Food,,3.8,,Each,2026-07-03 15:44:20
9556041608251,Ayam Coconut Milk 200ml,Kitchen Essentials,,1.4,0,Each,2026-07-13T20:10:57
9556041601214,AYAM SARDINE OVAL 425G,Canned Food,,5.9,,Each,2026-07-03 15:44:20
95500515,AYAM SARDINES 155G,Canned Food,,2.4,,Each,2026-07-03 15:44:20
95500553,AYAM SARDINES 215G,Canned Food,,3.9,,Each,2026-07-03 15:44:20
95500539,AYAM SARDINES 230G,Canned Food,,3.3,,Each,2026-07-03 15:44:20
9556041601221,Ayam Sardines 425g,Canned Food,,5.4,0,Each,2026-07-17T21:28:23
9556041613804,AYAM TUNA 160G,Canned Food,,3.8,,Each,2026-07-03 15:44:20
9556041614047,AYAM TUNA CHILLI 160G,Canned Food,,3.7,,Each,2026-07-03 15:44:20
9556041614023,Ayam Tuna Curry,Canned Food,,3.8,,Each,2026-07-03 15:44:20
9556041613910,AYAM TUNA FLAKES IN WATER,Canned Food,,3.5,,Each,2026-07-03 15:44:20
9556041613835,AYAM TUNA MAYONNAISE 160G,Canned Food,,3.5,,Each,2026-07-03 15:44:20
9556041602181,Ayam White Pearl Barley,Canned Food,,3.8,0,Each,2026-07-17T15:41:13
8888002119454,AYATAKA 1.5L,Beverages,,2.5,,Each,2026-07-03 15:44:20
8888002119430,AYATAKA 500ML,Beverages,,1.5,,Each,2026-07-03 15:44:20
8888002119072,Ayataka GTea,Beverages,,1,,Each,2026-07-03 15:44:20
8901248349000,ayucare,Personal Care,,4.2,,Each,2026-07-03 15:44:20
9556065000956,B B Pepper Powder,Kitchen Essentials,,1.3,,Each,2026-07-03 15:44:20
9556065001106,B Chilli Powder,Indian Provision,,3.3,,Each,2026-07-03 15:44:20
9556065001090,B Chilli Powder 125g,Indian Provision,,1.8,,Each,2026-07-03 15:44:20
9556065000413,B Coriander Powder 125g,Indian Provision,,1.4,,Each,2026-07-03 15:44:20
9556065000116,B Coriander Powder 250GM,Indian Provision,,2.3,,Each,2026-07-03 15:44:20
9556065000123,B CUMIN PDR 70GM,Indian Provision,,2,,Each,2026-07-03 15:44:20
9556065000130,B FENNEL POWDER 70G,Indian Provision,,1.4,,Each,2026-07-03 15:44:20
9556065001076,B Fish Curry 125g,Indian Provision,,1.4,,Each,2026-07-03 15:44:20
9556065001014,B Fish Curry 250g,Indian Provision,,2.6,0,Each,2026-07-11T16:27:18
9556065001144,B Fish Curry Spicy 250g,Indian Provision,,2.7,,Each,2026-07-03 15:44:20
9556065000468,B Fish Curry Spicy 5000g,Indian Provision,,5.3,0,Each,2026-07-11T16:27:38
9556065000833,B Garam Masala 70g,Indian Provision,,2.7,,Each,2026-07-03 15:44:20
9556065001069,B Meat Curry 125g,Indian Provision,,1.4,,Each,2026-07-03 15:44:20
9556065000987,B Meat Curry 250g,Indian Provision,,2.6,0,Each,2026-07-11T16:30:45
9556065001151,B Meat Curry Spicy 250g,Indian Provision,,2.7,0,Each,2026-07-11T16:30:34
8901063166387,B Mik Bikis 10*100g,Snacks,,4.9,,Each,2026-07-03 15:44:20
8901063136762,B Milk Rusk,Snacks,,2.2,,Each,2026-07-03 15:44:20
8888279640019,B Pepper Crab,Canned Food,,1.8,,Each,2026-07-03 15:44:20
9556065000758,B Rendang,Indian Provision,,2,,Each,2026-07-03 15:44:20
9556065000789,B Salted fish Curry,Indian Provision,,1.8,,Each,2026-07-03 15:44:20
9556065001052,B Turmeric Powder 125g,Indian Provision,,1.6,,Each,2026-07-03 15:44:20
9556065001038,B Turmeric Powder 250g,Indian Provision,,2.8,,Each,2026-07-03 15:44:20
8904287001137,B vermicelli,Kitchen Essentials,,2,,Each,2026-07-03 15:44:20
9556065000963,B White Pepper Powder,Kitchen Essentials,,1.4,,Each,2026-07-03 15:44:20
50196838,B&W WHISKY 20cl,Liquor,,14.5,,Each,2026-07-03 15:44:20
50196166,B&W WHISKY 37.5cl,Liquor,,25.5,,Each,2026-07-03 15:44:20
794712358848,B.S Strong Beer,Beer,,3.5,,Each,2026-07-03 15:44:20
9556065000543,BABAS BRIYANI SPICE 70G,Indian Provision,,2.7,,Each,2026-07-03 15:44:20
9556065000246,BABAS CUMIN POWDER 250GM,Indian Provision,,6.9,,Each,2026-07-03 15:44:20
9556065000383,BABAS IDDIYAPPAM 500G,Indian Provision,,2.9,,Each,2026-07-03 15:44:20
9556065000048,BABAS KESARI MIX 500 GMS,Indian Provision,,2.8,,Each,2026-07-03 15:44:20
9556065000475,Babas Meat Curry 500g,Indian Provision,,5.3,0,Each,2026-07-11T16:26:59
9556065000031,BABAS MURUKU FLOUR 500G,Indian Provision,,3,,Each,2026-07-03 15:44:20
9556065000178,BABAS PAYASAM MIX 300GM,Indian Provision,,2.4,,Each,2026-07-03 15:44:20
9556065000260,BABAS RASAM POWDER 125G,Indian Provision,,1.8,,Each,2026-07-03 15:44:20
9556065000277,BABAS SAMBAR PDR 125G,Indian Provision,,1.8,,Each,2026-07-03 15:44:20
9556065000437,BABAS SAMBAR PDR 250GM,Indian Provision,,3.5,,Each,2026-07-03 15:44:20
9556065000710,Babas Soup Mix,Indian Provision,,2,,Each,2026-07-03 15:44:20
9556065000017,BABAS TURMERIC PDR 125G,Indian Provision,,1.4,,Each,2026-07-03 15:44:20
9556065000314,BABAS UPPUMA MIX 500 GRM,Indian Provision,,3.3,,Each,2026-07-03 15:44:20
5010677012218,BACARDI,Liquor,,14.5,,Each,2026-07-03 15:44:20
5010677012232,BACARDI 350ml,Liquor,,24.9,,Each,2026-07-03 15:44:20
5010677048071,BACARDI LIMON 700cl,Liquor,,48,,Each,2026-07-03 15:44:20
5010677013147,Bacardi Original 700cl,Liquor,,44.5,,Each,2026-07-03 15:44:20
8888066001818,Baking Soda,Kitchen Essentials,,1.8,,Each,2026-07-03 15:44:20
8904287001076,BAMBINO VERMICELLI 200G,Kitchen Essentials,,1.1,,Each,2026-07-03 15:44:20
8904287001083,BAMBINO VERMICELLI 400G,Kitchen Essentials,,2.3,,Each,2026-07-03 15:44:20
9555913602175,Banana Cake 80g,Bakery Goods,,1.7,0,Each,2026-07-10T20:35:26
8885008901090,Banyard Millet 500g,Indian Provision,,2.2,,Each,2026-07-03 15:44:20
8888017500025,Barons 320ml,Beer,,4,0,Each,2026-07-09T17:02:54
8888017500018,BARONS 330ML,Beer,,3.9,,Each,2026-07-03 15:44:20
8888017520023,Barons 500ml,Beer,,6.3,,Each,2026-07-03 15:44:20
6926414502135,Bath Flower,Personal Care,,2.2,,Each,2026-07-03 15:44:20
8888546841026,BAY LEAF 50G,Indian Provision,,0.8,,Each,2026-07-03 15:44:20
4801234106034,Baygon Anti Dengue,Household Products,,7.6,,Each,2026-07-03 15:44:20
4801234107024,Baygon Cockroach Killer,Household Products,,9.8,0,Each,2026-07-18T20:04:39
8888280306003,Baygon Coil Original,Household Products,,1.4,0,Each,2026-07-18T20:12:42
8888280306102,Baygon Lavender,Household Products,,1.3,,Each,2026-07-03 15:44:20
4801234108038,Baygon Multi Insect,Household Products,,9.8,0,Each,2026-07-17T21:05:37
6903302810329,BBQ LIGHTER,General Merchandise,,1.8,,Each,2026-07-03 15:44:20
8999999025281,BC Anti dandruff,Personal Care,,3.3,,Each,2026-07-03 15:44:20
8999999025274,BC Original,Personal Care,,3.3,,Each,2026-07-03 15:44:20
8888399612033,Beautex 3fly,Household Products,,5.9,0,Each,2026-07-11T18:28:36
8888399611364,Beautex 3ply,Household Products,,5.6,,Each,2026-07-03 15:44:20
6944474704443,Beautex AB Wipes,Personal Care,,2,,Each,2026-07-03 15:44:20
8888399621738,Beautex Toilet Roll,Household Products,,5.9,,Each,2026-07-03 15:44:20
9556126648776,Beeze C Care 3.6kg,Household Products,,12.6,,Each,2026-07-03 15:44:20
9555448100054,BELACAN 120G,Kitchen Essentials,,1.3,,Each,2026-07-03 15:44:20
9555124000029,BELACAN 250GM,Kitchen Essentials,,1.8,,Each,2026-07-03 15:44:20
9555448100139,BELACAN TUMBUK MELAYU,Kitchen Essentials,,0.5,,Each,2026-07-03 15:44:20
8886345367242,Belinjau Cracker,Snacks,,2,,Each,2026-07-03 15:44:20
9555220701455,BESTONE COCONUT BUN 6,Bakery Goods,,2.2,,Each,2026-07-03 15:44:20
9555220701479,BESTONE RAISIN BUN,Bakery Goods,,2.2,,Each,2026-07-03 15:44:20
9555220702148,BESTONE STEAM SPONGE CAKE 200GM,Bakery Goods,,1.5,,Each,2026-07-03 15:44:20
B,Bevarages,Beverages,,0.1,0,Each,2026-07-04T14:58:16
9555448109033,BH DRIED BEANCURD 50GM,Kitchen Essentials,,2,,Each,2026-07-03 15:44:20
6982022100804,BH Mackerel,Canned Food,,2,,Each,2026-07-03 15:44:20
8888321912514,BIBIKS CC Sausage,Frozen Food,,6.4,,Each,2026-07-03 15:44:20
8888321650089,BIBIKS PC Chicken,Frozen Food,,12.8,,Each,2026-07-03 15:44:20
9556378300408,BIKA Chicken G,Snacks,,1.3,,Each,2026-07-03 15:44:20
9556378303065,BIKA Chicken R,Snacks,,1.3,,Each,2026-07-03 15:44:20
9556107521609,Bikarbonate,Kitchen Essentials,,1.5,0,Each,2026-07-15T21:20:14
4710247000478,Bin Bin Rice Crackers,Snacks,,2.9,0,Each,2026-07-11T14:35:52
50196111,Black & White 700cl,Liquor,,45.8,,Each,2026-07-03 15:44:20
8902967100613,Black Dog 180ml,Liquor,,14.9,,Each,2026-07-03 15:44:20
8888546575006,BLACK EYE BEANS 500GM,Indian Provision,,2.3,,Each,2026-07-03 15:44:20
8905002079028,Black Label,Liquor,,4.2,,Each,2026-07-03 15:44:20
5000267025209,Black Label 200cl,Liquor,,19.3,,Each,2026-07-03 15:44:20
5000267024233,Black Label 700cl,Liquor,,62,,Each,2026-07-03 15:44:20
8888546771019,BLACK SESAME SEEDS 100G,Indian Provision,,1.3,,Each,2026-07-03 15:44:20
50196135,Black&White 700cl,Liquor,,44.9,,Each,2026-07-03 15:44:20
9310492262925,Blu Tack,General Merchandise,,2.9,,Each,2026-07-03 15:44:20
9555719724996,BO ASSORTED CAKE 220G,Bakery Goods,,3.2,,Each,2026-07-03 15:44:20
9555220706405,BO ASST BUNS,Bakery Goods,,1,,Each,2026-07-03 15:44:20
9555220702650,BO ASST CAKE 130G,Bakery Goods,,1.6,,Each,2026-07-03 15:44:20
9555220702933,BO B CupCake,Bakery Goods,,1.3,,Each,2026-07-03 15:44:20
9555220702940,BO Banana,Bakery Goods,,1.3,,Each,2026-07-03 15:44:20
9555913602946,BO Banana 4s,Bakery Goods,,1.8,,Each,2026-07-03 15:44:20
9555913602380,BO Banana 8s,Bakery Goods,,3.2,,Each,2026-07-03 15:44:20
9555674600588,BO BANANA CAKE,Bakery Goods,,1.7,,Each,2026-07-03 15:44:20
9555220702681,BO Banana Muffin,Bakery Goods,,3.2,,Each,2026-07-03 15:44:20
9555220706542,BO Blueberry 6s,Bakery Goods,,2.2,,Each,2026-07-03 15:44:20
9555220706665,BO Blueberry,Bakery Goods,,1,,Each,2026-07-03 15:44:20
9555674601103,Bo butter,Bakery Goods,,1.6,,Each,2026-07-03 15:44:20
9555913602953,BO Butter 4s,Bakery Goods,,1.8,,Each,2026-07-03 15:44:20
9555220108506,BO BUTTER CAKE 8s,Bakery Goods,,3.2,,Each,2026-07-03 15:44:20
9555220706184,BO BUTTER SUGAR,Bakery Goods,,1.5,,Each,2026-07-03 15:44:20
9555220706467,BO Butter Sugar 6s,Bakery Goods,,2.2,,Each,2026-07-03 15:44:20
9555719725306,BO CAKE LEMON 90G,Bakery Goods,,1.6,,Each,2026-07-03 15:44:20
9555719741191,BO Cappucino,Breakfast Items,,1.6,,Each,2026-07-03 15:44:20
9555913600829,BO Caramel Cake,Bakery Goods,,2.3,,Each,2026-07-03 15:44:20
9555719708941,BO CASTLE MUFFIN,Bakery Goods,,3.2,,Each,2026-07-03 15:44:20
9555719708934,BO CASTLE MUFFN 200G,Bakery Goods,,3.2,,Each,2026-07-03 15:44:20
9551019530534,BO Cheese,Bakery Goods,,3.5,,Each,2026-07-03 15:44:20
9555220702520,BO CHEESE CAKE 70G,Bakery Goods,,1.5,,Each,2026-07-03 15:44:20
9555220706658,BO Chocolate,Bakery Goods,,1.3,,Each,2026-07-03 15:44:20
9555674600601,BO yami Chocolate,Bakery Goods,,1.8,,Each,2026-07-03 15:44:20
9555719747179,BO Chocolate Cake,Bakery Goods,,1.7,,Each,2026-07-03 15:44:20
9555220705828,BO Chocolate Muffin,Bakery Goods,,1.7,,Each,2026-07-03 15:44:20
9555719708828,BO Chocolate Muffin 8s,Bakery Goods,,3.2,,Each,2026-07-03 15:44:20
9555220706399,BO Coconut,Bakery Goods,,1,,Each,2026-07-03 15:44:20
9555220705699,BO Corn Cream Roll 6s,Bakery Goods,,2.2,,Each,2026-07-03 15:44:20
9555220706528,BO Corn Cream Roll,Bakery Goods,,1.5,,Each,2026-07-03 15:44:20
9555220706702,BO Cream Roll,Bakery Goods,,1.3,,Each,2026-07-03 15:44:20
9555220706177,BO CREAM ROLLS,Bakery Goods,,1.5,,Each,2026-07-03 15:44:20
9555913602830,BO Cup Cake6s,Bakery Goods,,3,,Each,2026-07-03 15:44:20
9555220706436,BO Curry Potato,Bakery Goods,,1.6,,Each,2026-07-03 15:44:20
9555913601963,BO Custard 55g,Bakery Goods,,1,,Each,2026-07-03 15:44:20
9555913603080,Bo Custard,Bakery Goods,,1.3,,Each,2026-07-03 15:44:20
9551019530527,BO Fruit Cake,Bakery Goods,,3.5,,Each,2026-07-03 15:44:20
9555220702667,BO FRUIT CAKE 300G,Bakery Goods,,3.2,,Each,2026-07-03 15:44:20
9555220702964,BO Fruit Cake 4s,Bakery Goods,,1.8,,Each,2026-07-03 15:44:20
9555220702988,BO FRUITS CAKE 90G,Bakery Goods,,1.3,,Each,2026-07-03 15:44:20
9555913601628,BO Honey Cake 6s,Bakery Goods,,1.6,,Each,2026-07-03 15:44:20
9555220706450,Bo Ikanbillis,Bakery Goods,,1.8,,Each,2026-07-03 15:44:20
9555220702476,BO Kaya 3s,Bakery Goods,,1.5,,Each,2026-07-03 15:44:20
9555220701462,BO KAYA 6s,Bakery Goods,,2.2,,Each,2026-07-03 15:44:20
9555220706535,BO Kaya Cream Roll,Bakery Goods,,2.2,,Each,2026-07-03 15:44:20
9555220705477,BO Kaya Roll,Bakery Goods,,2,,Each,2026-07-03 15:44:20
9551019530831,BO Lemon Cake,Bakery Goods,,1.7,,Each,2026-07-03 15:44:20
9555913602106,BO Marble,Bakery Goods,,1,,Each,2026-07-03 15:44:20
9551019530558,BO Marble cake,Bakery Goods,,3.5,,Each,2026-07-03 15:44:20
9555674600649,BO Milk Cake,Bakery Goods,,1.8,,Each,2026-07-03 15:44:20
9555719731680,BO Molten Cake,Bakery Goods,,1.8,,Each,2026-07-03 15:44:20
9555719708842,BO MUFFIN,Bakery Goods,,3.2,,Each,2026-07-03 15:44:20
9555719747186,BO Pandan Cake,Bakery Goods,,1.7,,Each,2026-07-03 15:44:20
9555220702469,BO Peanut 3S,Bakery Goods,,1.5,,Each,2026-07-03 15:44:20
9555719717813,BO PEANUT CANDIES,Bakery Goods,,1.5,,Each,2026-07-03 15:44:20
9555913601048,BO Raisin Muffin,Bakery Goods,,3.2,,Each,2026-07-03 15:44:20
9555220706382,BO RED BEAN BUN,Bakery Goods,,1,,Each,2026-07-03 15:44:20
9555220705507,BO RED BEANS 4S,Bakery Goods,,1.7,,Each,2026-07-03 15:44:20
9555220701448,BO REDBEAN 6s,Bakery Goods,,2.2,,Each,2026-07-03 15:44:20
9555220705514,BO ROTI CAKE 6S,Bakery Goods,,2.2,,Each,2026-07-03 15:44:20
9555220701851,Bo Roticake,Bakery Goods,,1.5,0,Each,2026-07-15T12:02:49
9555719717851,BO SALTY PANDAN CAKE,Bakery Goods,,2.5,,Each,2026-07-03 15:44:20
9555719717837,BO SALTY PEACAKE,Bakery Goods,,3.9,,Each,2026-07-03 15:44:20
9555220702834,BO SQUARE MUFFIN,Bakery Goods,,1.4,,Each,2026-07-03 15:44:20
9555220702467,BO Strawberry 3s,Bakery Goods,,1.5,,Each,2026-07-03 15:44:20
9555674601127,BO Strawberry,Bakery Goods,,1.6,,Each,2026-07-03 15:44:20
9555913601925,BO SWISS ROLL 1,Bakery Goods,,1.6,,Each,2026-07-03 15:44:20
9555719717868,BO Twister Cookies,Snacks,,2.3,,Each,2026-07-03 15:44:20
9555719747193,BO Vanilla Cake,Bakery Goods,,1.7,,Each,2026-07-03 15:44:20
9555220702391,BO VANILLA MUFFIN,Bakery Goods,,1.2,,Each,2026-07-03 15:44:20
9555674601004,BO Vannila,Bakery Goods,,1.5,,Each,2026-07-03 15:44:20
9555220706603,BO White Bread Type 1,Bakery Goods,,2.4,,Each,2026-07-03 15:44:20
9557606111490,BO White Bread Type 2,Bakery Goods,,2.4,,Each,2026-07-03 15:44:20
9555220701035,BO WHITEBREAD,Bakery Goods,,2.1,,Each,2026-07-03 15:44:20
5010677714006,Bombay Sapphire,Liquor,,57,,Each,2026-07-03 15:44:20
5000158062139,Bonjela,Personal Care,,11,0,Each,2026-07-09T11:14:17
8901030818660,BOOST,Breakfast Items,,6.1,,Each,2026-07-03 15:44:20
5000159558280,BOUNTY,Snacks,,1.6,,Each,2026-07-03 15:44:20
8901063136311,Bourbon Original,Snacks,,1,0,Each,2026-07-11T18:59:03
7622202026423,Bournvita,Breakfast Items,,6.1,,Each,2026-07-03 15:44:20
8908014480202,Bovonto,Beverages,,1.5,,Each,2026-07-03 15:44:20
8886456200735,BREACOL COUGH SYRUP,Personal Care,,5.5,,Each,2026-07-03 15:44:20
6902088953206,BREEZE 3 in 1,Household Products,,12.9,,Each,2026-07-03 15:44:20
6902088953190,BREEZE 3 in 1 Capsules,Household Products,,12.9,,Each,2026-07-03 15:44:20
8888086779094,BREEZE A bac,Household Products,,5.3,,Each,2026-07-03 15:44:20
8851932212830,Breeze C Care 750g,Household Products,,2.9,,Each,2026-07-03 15:44:20
8851932212793,BREEZE COLOUR CARE 2.1KG,Household Products,,7.9,,Each,2026-07-03 15:44:20
8851932268844,BREEZE COLOUR CARE 400G,Household Products,,2,,Each,2026-07-03 15:44:20
8851932351119,BREEZE FC,Household Products,,7.7,,Each,2026-07-03 15:44:20
9556126648837,"BREEZE LIQ 1,8KG",Household Products,,5.3,,Each,2026-07-03 15:44:20
9556126652827,BREEZE LIQ 1.5KG,Household Products,,5.3,,Each,2026-07-03 15:44:20
9556126648820,BREEZE LIQ 1.8KG,Household Products,,5.3,,Each,2026-07-03 15:44:20
8851932212823,Breeze P Clean 750g,Household Products,,2.9,,Each,2026-07-03 15:44:20
9556126648769,Breeze PC 3.6kg,Household Products,,12.6,,Each,2026-07-03 15:44:20
8851932212786,BREEZE Power Clean,Household Products,,7.7,,Each,2026-07-03 15:44:20
8851932268837,BREEZE POWER CLEAN 400G,Household Products,,2,,Each,2026-07-03 15:44:20
9556126671583,Breeze S Sakura,Household Products,,5.5,,Each,2026-07-03 15:44:20
9556126671590,Breeze S Sakura 3.6kg,Household Products,,12.6,,Each,2026-07-03 15:44:20
8901063136434,Britannia 60g,Snacks,,0.6,0,Each,2026-07-14T17:16:21
8901063139022,BRITANNIA BOURBON 100G,Indian Snacks,,1,,Each,2026-07-03 15:44:20
8888546805004,BROAD BEANS 500G,Indian Provision,,2.6,,Each,2026-07-03 15:44:20
8902082803130,Broken Wheat,Indian Provision,,3.2,,Each,2026-07-03 15:44:20
8886461600094,Broom Head,Household Products,,2.9,,Each,2026-07-03 15:44:20
9555644300180,BROWN PAPER,General Merchandise,,3.8,,Each,2026-07-03 15:44:20
9555636503438,Brown Paper 6,General Merchandise,,3.9,,Each,2026-07-03 15:44:20
9555644300197,Brown Paper 9,General Merchandise,,2.9,,Each,2026-07-03 15:44:20
8901030083891,BRU Original 100g,Breakfast Items,,5.9,,Each,2026-07-03 15:44:20
8901030083907,BRU original 200g,Breakfast Items,,10.3,,Each,2026-07-03 15:44:20
8901030083884,BRU Original 50g,Breakfast Items,,3.5,,Each,2026-07-03 15:44:20
8901030083860,BRU Pure 100g,Breakfast Items,,7.2,,Each,2026-07-03 15:44:20
8901030083877,BRU Pure 200g,Breakfast Items,,10.9,,Each,2026-07-03 15:44:20
8886467051388,BRU Pure 50g,Breakfast Items,,3.5,,Each,2026-07-03 15:44:20
8901030080432,Bru Refill 200g,Breakfast Items,,7.2,0,Each,2026-07-18T16:42:35
8886461600773,Brush,General Merchandise,,2.8,,Each,2026-07-03 15:44:20
3014230021404,BRUT,Personal Care,,4.2,,Each,2026-07-03 15:44:20
95500744,BRYLCREEM 75ML,Personal Care,,2,,Each,2026-07-03 15:44:20
95500737,BRYLCREEM ANTI-D S/CREAM 75ML,Personal Care,,2,,Each,2026-07-03 15:44:20
8999999025298,BRYLCREEM Lite,Personal Care,,3.3,,Each,2026-07-03 15:44:20
8885000035731,BUBBLE MILK TEA,Beverages,,2.2,,Each,2026-07-03 15:44:20
8885000035564,BUBBLE MILK TEA Peach,Beverages,,2.2,,Each,2026-07-03 15:44:20
8905002080024,Bullet,Beer,,3.5,,Each,2026-07-03 15:44:20
9,Bullet 3 For $10,Beer,,10.3,0,Each,2026-07-15T23:23:36
8888017995029,Bullet Beer,Beer,,3.6,0,Each,2026-07-11T15:28:36
9555122803615,Bumi Hijau Veg Oil 2L,Cooking Oil,,5.9,,Each,2026-07-03 15:44:20
9556001262974,Butterfly,Ice Cream,,1.7,,Each,2026-07-03 15:44:20
8885002067679,BUTTERFLY B,Tobacco,,17.9,,Each,2026-07-03 15:44:20
8885002067686,BUTTERFLY Yellow,Tobacco,,17.9,,Each,2026-07-03 15:44:20
9555466800554,C Candy,Snacks,,0.6,,Each,2026-07-03 15:44:20
8851932335904,C Hair Fall Rescue,Personal Care,,6.8,,Each,2026-07-03 15:44:20
8851932335874,C Intense Repair,Personal Care,,6.8,,Each,2026-07-03 15:44:20
8851932335881,C Straight n Silky,Personal Care,,6.8,,Each,2026-07-03 15:44:20
8888168303025,CABBAGE OIL 2LTR,Cooking Oil,,4.5,,Each,2026-07-03 15:44:20
9556001325426,Cadbury Hazelnut,Ice Cream,,3.8,,Each,2026-07-03 15:44:20
8851016011090,Calbe Prawn Original,Snacks,,2.4,0,Each,2026-07-12T12:17:36
4901330306380,Calbee Bbag HS,Snacks,,5.2,,Each,2026-07-03 15:44:20
4901330504137,Calbee bbag Seawed,Snacks,,5.2,,Each,2026-07-03 15:44:20
4901330306335,Calbee BBQ,Snacks,,2.4,,Each,2026-07-03 15:44:20
9351585000499,Calbee Cheese Burger,Snacks,,4.9,,Each,2026-07-03 15:44:20
4901330306359,Calbee H&S,Snacks,,2.5,,Each,2026-07-03 15:44:20
4901330306328,Calbee Hot&Spicy,Snacks,,2.5,,Each,2026-07-03 15:44:20
4901330306366,Calbee Original,Snacks,,2.4,,Each,2026-07-03 15:44:20
9351585000475,Calbee Original B,Snacks,,4.9,,Each,2026-07-03 15:44:20
4901330306342,Calbee Seawed,Snacks,,2.4,,Each,2026-07-03 15:44:20
4901330306373,Calbee Sourcream,Snacks,,2.4,,Each,2026-07-03 15:44:20
8999999058418,Camay Black,Personal Care,,3.2,0,Each,2026-07-18T20:30:06
8999999058425,Camay White,Personal Care,,3.2,0,Each,2026-07-18T20:30:23
8885015431733,Camel Extra M L,Tobacco,,15.9,,Each,2026-07-03 15:44:20
8885015431054,Camel F Long,Tobacco,,14.5,14,Each,2026-07-03 15:44:20
40329055,CAMEL FILTERS,Tobacco,,15.9,,Each,2026-07-03 15:44:20
8888112140089,CAMEL Garlic Peanuts,Snacks,,1.6,,Each,2026-07-03 15:44:20
8885015431528,Camel M Blast L,Tobacco,,15.9,,Each,2026-07-03 15:44:20
8885015431115,Camel M Long,Tobacco,,15.9,15.5,Each,2026-07-03 15:44:20
4033100068966,CAMEL MENTHOL,Tobacco,,15.9,,Each,2026-07-03 15:44:20
8885015430934,Camel Menthol Blast,Tobacco,,15.9,12.5,Each,2026-07-03 15:44:20
8885015431238,Camel P Blast,Tobacco,,13.3,12.2,Each,2026-07-03 15:44:20
8885015431559,Camel Purple Blast L,Tobacco,,14.5,,Each,2026-07-03 15:44:20
8885015431085,Camel W Long,Tobacco,,14.5,12.3,Each,2026-07-09T19:25:39
40329086,CAMEL WHITE,Tobacco,,15.9,,Each,2026-07-03 15:44:20
8888112143004,CAMELSHANDONG 200G,Snacks,,1.6,,Each,2026-07-03 15:44:20
9556191061883,CAMPBELLS MUSHROOM 300G,Kitchen Essentials,,2.6,,Each,2026-07-03 15:44:20
8887301970551,Can Opener Type 1,General Merchandise,,2.9,,Each,2026-07-03 15:44:20
8887301970568,Can Opener Type 2,General Merchandise,,2.2,,Each,2026-07-03 15:44:20
4947989238078,Can Opener 807,Kitchen Essentials,,3.6,0,Each,2026-07-10T14:01:41
6943030330911,CAN OPNER,General Merchandise,,4.5,,Each,2026-07-03 15:44:20
8887509345250,Candles,Household Products,,1.5,,Each,2026-07-03 15:44:20
9555466800530,CANDY,Snacks,,0.5,,Each,2026-07-03 15:44:20
9300677002873,Capilona Pure Honey,Kitchen Essentials,,8.9,0,Each,2026-07-12T21:32:13
5000281022482,Captain Morgan 700ml,Liquor,,48,,Each,2026-07-03 15:44:20
9556057505759,Carlsberg 320ml,Beer,,2.5,,Each,2026-07-03 15:44:20
5740600020460,Carlsberg 320ml 24s,Beer,,49,,Each,2026-07-03 15:44:20
6901672920044,Carlsberg 490ml,Beer,,3.8,,Each,2026-07-03 15:44:20
5010153872671,Carlsberg 500ml,Beer,,3.8,,Each,2026-07-03 15:44:20
5740600020637,Carlsberg 500ml Pilsner,Beer,,3.8,,Each,2026-07-03 15:44:20
8934692100132,CARLSBERG 490 ML,Beer,,3.8,,Each,2026-07-03 15:44:20
5740600020552,Carlsberg G320ml,Beer,,2.4,0,Each,2026-07-09T22:26:15
8888082010061,Carnation 390g,Breakfast Items,,2.3,0,Each,2026-07-11T22:09:51
8885005273114,Castor Oil,Personal Care,,4.5,,Each,2026-07-03 15:44:20
9555411200248,CASTOR OIL 150ML,Personal Care,,2.6,,Each,2026-07-03 15:44:20
8885012299886,CC Lemon,Beverages,,2.3,,Each,2026-07-03 15:44:20
8886461600711,CERAMIC PEELER,General Merchandise,,2.6,,Each,2026-07-03 15:44:20
8888440010108,CH Mozzarella,Frozen Food,,6.9,,Each,2026-07-03 15:44:20
6924187822146,cha cha Spiced Flavour,Snacks,,1.7,,Each,2026-07-03 15:44:20
8901810000001,CHANDAN 20 STICKS,Indian Provision,,1,,Each,2026-07-03 15:44:20
8888546900754,CHANDRIKA SOAP 75GM,Personal Care,,0.8,,Each,2026-07-03 15:44:20
9557992502605,CHARCOAL 3kg,Household Products,,8.4,,Each,2026-07-03 15:44:20
1200108000240,Cheetos Crunchy,Snacks,,5.9,,Each,2026-07-03 15:44:20
1200108000349,Cheetos F Hot,Snacks,,5.9,,Each,2026-07-03 15:44:20
9556072170055,CHEEZELS BBQ,Snacks,,1.3,,Each,2026-07-03 15:44:20
9557941202068,Chendol,Ice Cream,,0.8,,Each,2026-07-03 15:44:20
8888378008451,Chewly Wafer Stick ST,Snacks,,7.6,,Each,2026-07-03 15:44:20
8888378008901,Chewly Wafer Stick Ch,Snacks,,7.6,,Each,2026-07-03 15:44:20
8888107000336,CHICKEN ABALONE(S) 5X85G,Canned Food,,2.6,,Each,2026-07-03 15:44:20
8888440001540,Chicken Nuggets 400g,Frozen Food,,4.5,0,Each,2026-07-09T12:50:30
9556023221454,Chicken Ring,Snacks,,1.3,0,Each,2026-07-12T17:59:59
9555913602137,Chiffon Cake,Bakery Goods,,1,,Each,2026-07-03 15:44:20
9555448109019,CHILI PASTE 500G,Kitchen Essentials,,2.2,,Each,2026-07-03 15:44:20
8888555111684,CHILLI BEE HOON 400G,Noodles,,1.9,,Each,2026-07-03 15:44:20
8888477012373,Chilli Brand Chicken,Canned Food,,4.9,,Each,2026-07-03 15:44:20
8888477012397,Chilli C mutton,Canned Food,,7.3,,Each,2026-07-03 15:44:20
8888477012359,Chilli Curry Beef,Canned Food,,6.8,,Each,2026-07-03 15:44:20
8886345370235,Chilli Cuttle Fish,Snacks,,2.8,,Each,2026-07-03 15:44:20
9556207188818,Chilli Tapioca,Snacks,,2.3,,Each,2026-07-03 15:44:20
8901595851218,Chings Veg Hakka Noodles,Noodles,,1.8,,Each,2026-07-03 15:44:20
7622210638632,CHIPMORE ORI 165G,Snacks,,2,,Each,2026-07-03 15:44:20
4800016641503,Chippy,Snacks,,1.3,,Each,2026-07-03 15:44:20
7622210638656,Chips More DC,Snacks,,2,,Each,2026-07-03 15:44:20
7622210638854,Chips More Hazelnuts,Snacks,,2,,Each,2026-07-03 15:44:20
C12,CHIVAS 12YRS,Liquor,,59,59,Each,2026-07-03 15:44:20
5000299225028,CHIVAS 18YRS,Liquor,,105,,Each,2026-07-03 15:44:20
5000299228685,CHIVAs 200cl,Liquor,,23.5,,Each,2026-07-03 15:44:20
080432400388,CHIVAS 375cl,Liquor,,41,,Each,2026-07-03 15:44:20
080432402931,CHIVAS 700cl,Liquor,,59,,Each,2026-07-03 15:44:20
8991001501110,Choco Mini,Snacks,,1,0,Each,2026-07-10T19:45:05
8888200606404,Chocolate Milk 250ml,F&n,,2.6,,Each,2026-07-03 15:44:20
8850580100032,Choki Choki,Snacks,,1.3,0,Each,2026-07-20T23:08:11
9556156040519,Chrysanthemum,Beverages,,1,,Each,2026-07-03 15:44:20
6901308060793,Chunghwa Pencils,General Merchandise,,2.9,,Each,2026-07-03 15:44:20
9556126002332,CIF CLEANSER 500ML,Household Products,,1.95,,Each,2026-07-03 15:44:20
8886467012105,Cif Glass Cleaner,Household Products,,3.5,,Each,2026-07-03 15:44:20
8720181396830,Cif Lemon,Household Products,,2.2,,Each,2026-07-03 15:44:20
9556126639972,Cif Lemon 660g,Household Products,,2.3,,Each,2026-07-03 15:44:20
8720181396816,Cif Original,Household Products,,2.2,,Each,2026-07-03 15:44:20
9556126639965,Cif original 660g,Household Products,,2.3,,Each,2026-07-03 15:44:20
8901023004735,CINTHOL Cool,Personal Care,,3.7,,Each,2026-07-03 15:44:20
8901023000034,Cinthol Original,Personal Care,,1.1,0,Each,2026-07-11T11:42:46
8901023009891,Cinthol Soap 4s,Personal Care,,4,0,Each,2026-07-12T22:29:49
9555701502199,Classic B Cookies,Snacks,,2.9,,Each,2026-07-03 15:44:20
8888730600200,Classic Lighter,General Merchandise,,1.5,,Each,2026-07-03 15:44:20
6935071377857,Classic Lighter1,Household Products,,0.9,0,Each,2026-07-12T17:44:00
9555630800090,CLASSIC LOLLIPOP,Snacks,,0.7,,Each,2026-07-03 15:44:20
8992727001731,Clean Fresh,Personal Care,,2.9,,Each,2026-07-03 15:44:20
8992727001748,Clean Fresh 40,Personal Care,,2.9,,Each,2026-07-03 15:44:20
8851932401999,CLEAR A Dandruff,Personal Care,,2.2,,Each,2026-07-03 15:44:20
8851932399432,CLEAR Cool,Personal Care,,2.3,,Each,2026-07-03 15:44:20
8851932391801,CLEAR Men,Personal Care,,5.9,,Each,2026-07-03 15:44:20
8851932399739,CLEAR Men A Hairfall,Personal Care,,2.3,,Each,2026-07-03 15:44:20
4987176009494,Clearblue P Test,Personal Care,,10.9,,Each,2026-07-03 15:44:20
8901030748066,Clinic Plus,Personal Care,,2.9,,Each,2026-07-03 15:44:20
8901030937170,Clinic Plus 175ml,Personal Care,,3.4,,Each,2026-07-03 15:44:20
8901030929885,Clinic Plus+ 355ml,Personal Care,,6.9,,Each,2026-07-03 15:44:20
8901030937187,Clinic Plus 355ml,Personal Care,,6.8,,Each,2026-07-03 15:44:20
9556823144052,CLOREX 1L,Household Products,,2.9,,Each,2026-07-03 15:44:20
9556823145059,Clorex 1L Lemon,Household Products,,2.9,,Each,2026-07-03 15:44:20
9556823122265,Clorex W 1l,Household Products,,2.9,0,Each,2026-07-22T15:29:30
9556823130291,Clorox,,,2.9,0,Each,2026-07-11T17:50:35
9556823122272,Clorox Original 2l,Household Products,,4.6,0,Each,2026-07-12T11:20:13
4800888113474,Close up,Personal Care,,3.6,,Each,2026-07-03 15:44:20
8901030124761,CLOSE UP 150G,Personal Care,,3.2,,Each,2026-07-03 15:44:20
4792081013906,closeup 120g,Personal Care,,2.9,,Each,2026-07-03 15:44:20
8901030894206,closeup 3 Fresh,Personal Care,,3.5,,Each,2026-07-03 15:44:20
8908014480509,Club Soda 500ml,Beverages,,1.5,,Each,2026-07-03 15:44:20
8888231100056,COARSE SUGAR 1KG,Kitchen Essentials,,2.2,,Each,2026-07-03 15:44:20
9555589210391,COCA COLA 1.5L,Beverages,,2.8,,Each,2026-07-03 15:44:20
9555589212678,COCA COLA 320ML,Beverages,,1,,Each,2026-07-03 15:44:20
9555589209852,COCA COLA OOLONG TEA 1.5L,Breakfast Items,,2.2,,Each,2026-07-03 15:44:20
9555589219363,CocaCola 1.75L,Beverages,,2.8,,Each,2026-07-03 15:44:20
9551022470445,Cocacola 320ml,Beverages,,1.1,0,Each,2026-07-22T15:32:41
8888002076481,COCA-COLA 500ML,Beverages,,1.7,,Each,2026-07-03 15:44:20
9551022470636,Cocacola Original 1.5l,Beverages,,2.8,0,Each,2026-07-20T21:30:37
8888002087500,COCA-COLA ZERO 1.5L,Beverages,,2.8,,Each,2026-07-03 15:44:20
9555589219417,Cocacola Zero 1.75,Beverages,,2.8,,Each,2026-07-03 15:44:20
8888002087005,COCA-COLA ZERO 300ML,Beverages,,1.2,,Each,2026-07-03 15:44:20
8888002087470,COCA-COLA ZERO 500ML,Beverages,,1.7,,Each,2026-07-03 15:44:20
9555589212258,Cocacola Zero Sugar,Beverages,,1,,Each,2026-07-03 15:44:20
8888200702915,Coco Life,Beverages,,2,,Each,2026-07-03 15:44:20
9555913603066,Coco Sponge Cake,Bakery Goods,,1.3,,Each,2026-07-03 15:44:20
VEG01,Coconut India,Vegetable,,1.7,0,EACH,2026-07-17T15:16:11
8850124007889,Coffee Mate,Breakfast Items,,3.8,,Each,2026-07-03 15:44:20
8850124012272,Coffeemate,Breakfast Items,,4.5,,Each,2026-07-03 15:44:20
8888002076283,Coke 24*320ml,Beverages,,19,,Each,2026-07-03 15:44:20
8888002076009,COKE 330ML,Beverages,,1,,Each,2026-07-03 15:44:20
9555589200514,Coke Light,Beverages,,1.2,,Each,2026-07-03 15:44:20
9555589203027,Coke Vanila 12s,Beverages,,12,,Each,2026-07-03 15:44:20
9555589200620,COKE Vanilla,Beverages,,1.2,,Each,2026-07-03 15:44:20
9555589200644,COKE VANILLA 1.5L,Beverages,,2.8,,Each,2026-07-03 15:44:20
8888002087319,Coke Zero 320ml 12s,Beverages,,12,,Each,2026-07-03 15:44:20
8888008110110,COLD&FLU HOT REMEDY 5S,Personal Care,,8.6,,Each,2026-07-03 15:44:20
6920354815546,COLGATE 180G,Personal Care,,2.8,,Each,2026-07-03 15:44:20
8850006321522,Colgate 3 Action,Personal Care,,3.6,,Each,2026-07-03 15:44:20
8901314713759,Colgate A Salt,Personal Care,,2.3,,Each,2026-07-03 15:44:20
8901314009081,Colgate A Salt 200g,Personal Care,,3.9,,Each,2026-07-03 15:44:20
8850006320662,Colgate Advanced White,Personal Care,,3.2,0,Each,2026-07-17T19:08:32
6920354814785,Colgate Charcoal,Personal Care,,4.9,,Each,2026-07-03 15:44:20
8850006340721,Colgate Clean Mint,Personal Care,,4.9,,Each,2026-07-03 15:44:20
9556031159497,Colgate Cool Mint 100g,Personal Care,,2.1,,Each,2026-07-03 15:44:20
9556031159510,COLGATE EXTRA MINT 175G,Personal Care,,2.9,,Each,2026-07-03 15:44:20
9556031159541,Colgate F/Cool Mint 250G,Personal Care,,4.8,,Each,2026-07-03 15:44:20
9556031159558,COLGATE ICY COOL MINT 250G,Personal Care,,3.9,,Each,2026-07-03 15:44:20
4892368644455,Colgate Max Fresh,Personal Care,,3.6,0,Each,2026-07-11T21:09:23
9556031159503,COLGATE MINT 175G,Personal Care,,2.9,,Each,2026-07-03 15:44:20
8850006340769,Colgate P Clean,Personal Care,,4.9,,Each,2026-07-03 15:44:20
9556031159527,COLGATE PAST 175G,Personal Care,,2.9,,Each,2026-07-03 15:44:20
9556031159480,Colgate Regular 100g,Personal Care,,2.1,,Each,2026-07-03 15:44:20
6920354815522,Colgate Regular 180g,Personal Care,,2.8,,Each,2026-07-03 15:44:20
9556031159534,Colgate Regular 250G,Personal Care,,4.3,,Each,2026-07-03 15:44:20
8901314009586,Colgate Salt,Personal Care,,2.2,,Each,2026-07-03 15:44:20
8850006340745,Colgate Whitning,Personal Care,,4.9,,Each,2026-07-03 15:44:20
8901314507327,Colgate Zig Zag,Personal Care,,1.3,,Each,2026-07-03 15:44:20
6930126796096,Colour Pen 3s,General Merchandise,,2,0,Each,2026-07-10T12:43:18
9556823422631,COMBAT Roach Killer,Household Products,,8.2,,Each,2026-07-03 15:44:20
9556126604789,Comfort Rose,Household Products,,4.3,,Each,2026-07-03 15:44:20
8888196906618,Cookies and Cream,Beverages,,1.8,,Each,2026-07-03 15:44:20
8888815802130,Cooling Water,Beverages,,1.1,,Each,2026-07-03 15:44:20
8995227502166,Cooltopia Lime,Beverages,,1.6,,Each,2026-07-03 15:44:20
8995227502142,Cooltopia Lychee,Beverages,,1.6,,Each,2026-07-03 15:44:20
8995227502739,Cooltopia Peach,Beverages,,1.6,,Each,2026-07-03 15:44:20
8886456600894,CORIANDER PICKLE 300G,Indian Provision,,1.8,,Each,2026-07-03 15:44:20
8888546505003,CORIANDER POWDER 500G,Indian Provision,,3.2,,Each,2026-07-03 15:44:20
8906002770366,Cothas Coffee,Breakfast Items,,8.9,,Each,2026-07-03 15:44:20
8906002770373,Cothas Coffee 184g,Breakfast Items,,4.2,,Each,2026-07-03 15:44:20
6934416431469,Cotton Buds,Personal Care,,1.3,,Each,2026-07-03 15:44:20
9555674601066,Cotton Cheese,Snacks,,1.8,,Each,2026-07-03 15:44:20
6944120800239,Cotton Sticks,F&n,,2,,Each,2026-07-03 15:44:20
8901751431186,Cotton Wicks,Personal Care,,1.5,,Each,2026-07-03 15:44:20
8888440000390,COWHEAD BUTTER 250G,Dairy Products,,5.5,,Each,2026-07-03 15:44:20
8888440000017,Cowhead Cheese 12s,Dairy Products,,3.8,0,Each,2026-07-12T22:10:51
4902580131265,CR2025,General Merchandise,,2.5,,Each,2026-07-03 15:44:20
4902580131258,CR2032,General Merchandise,,2,,Each,2026-07-03 15:44:20
8887300032106,CRACKER PEANUTS savoury,Snacks,,1,,Each,2026-07-03 15:44:20
8887300032175,CRACKER PEANUTS,Snacks,,1,,Each,2026-07-03 15:44:20
9556085302757,CREAM CRACKER 428G,Snacks,,2.9,,Each,2026-07-03 15:44:20
9556085302122,CREAM CRACKERS 700G,Snacks,,8.9,,Each,2026-07-03 15:44:20
051000043764,Cream Of Mushroom,Canned Food,,2.3,0,Each,2026-07-14T20:57:17
9555143600019,Cricket Lighter,General Merchandise,,1,,Each,2026-07-03 15:44:20
9556001091437,Crunch,Ice Cream,,1.4,,Each,2026-07-03 15:44:20
8888546521256,CUMIN SEED 100G,Indian Provision,,2.6,,Each,2026-07-03 15:44:20
cb,Curry Bag,General Merchandise,,0.1,0,Each,2026-07-04T14:58:30
8885008900253,Curry Vadam,Indian Provision,,2.3,,Each,2026-07-03 15:44:20
8901808000068,Custard Powder,Kitchen Essentials,,1.8,,Each,2026-07-03 15:44:20
8888450911341,CUTTLE FISH 200G,Snacks,,2.3,,Each,2026-07-03 15:44:20
8901751358582,CYCLE 3 in1,Poojai Items,,2.6,,Each,2026-07-03 15:44:20
8901751004519,Cycle Sandalum,Poojai Items,,2.9,,Each,2026-07-03 15:44:20
4902709301128,DAAWAT RICE 5 KG,Rice,,22.9,,Each,2026-07-03 15:44:20
8901207005374,DABUR HONEY 100g,Breakfast Items,,2.4,,Each,2026-07-03 15:44:20
8901207027444,Dabur Honey 250g,Indian Provision,,3.9,,Each,2026-07-03 15:44:20
8901207025365,DABUR HONEY 300GM,Breakfast Items,,4.3,,Each,2026-07-03 15:44:20
8901207027253,Dabur RED 100G,Personal Care,,1.9,,Each,2026-07-03 15:44:20
8901207099106,Dabur RED,Personal Care,,2.2,,Each,2026-07-03 15:44:20
8901207000324,Dabur Red 200g,Personal Care,,3.4,,Each,2026-07-03 15:44:20
6926858900948,Dahaoda Butter Seeds,Snacks,,1.8,0,Each,2026-07-09T13:54:45
8887476883359,Daily Fresh Eggs 30pcs,Breakfast Items,,7.9,0,Each,2026-07-21T16:47:13
7622210410511,DAIRY MILK 380g,Snacks,,3.8,,Each,2026-07-03 15:44:20
9556182104001,Dairy Milk M,Snacks,,1.5,,Each,2026-07-03 15:44:20
9556182104018,Dairy Milk,Snacks,,1.4,,Each,2026-07-03 15:44:20
9556182104049,Dairy Milk FN,Snacks,,1.4,,Each,2026-07-03 15:44:20
7622210410474,Dairy Milk 160g,Snacks,,3.8,,Each,2026-07-03 15:44:20
7622210400277,DAIRY MILK HAZELNUT,Snacks,,3.8,,Each,2026-07-03 15:44:20
7622210400291,DAIRY MILK RA,Snacks,,3.8,,Each,2026-07-03 15:44:20
610696099143,Daisy Black,Personal Care,,3.5,0,Each,2026-07-17T20:42:37
735850873251,Daisy Conditioner,Personal Care,,7.9,,Each,2026-07-03 15:44:20
735850873268,DAISY SERUM,Personal Care,,7,,Each,2026-07-03 15:44:20
735850873237,Daisy Shampoo 780ml,Personal Care,,9.9,,Each,2026-07-03 15:44:20
735850873244,Daisy Shampoo,Personal Care,,5.5,,Each,2026-07-03 15:44:20
6976615705019,DARCA Light,General Merchandise,,1.3,,Each,2026-07-03 15:44:20
4891338043526,DARLE 250g,Personal Care,,4.2,,Each,2026-07-03 15:44:20
4891338020039,DARLIE 100g,Personal Care,,2,,Each,2026-07-03 15:44:20
4891338007955,Darlie 120g,Personal Care,,2.6,,Each,2026-07-03 15:44:20
4891338013017,DARLIE 200g,Personal Care,,3.5,,Each,2026-07-03 15:44:20
4891338007962,DARLIE 225G,Personal Care,,3.9,,Each,2026-07-03 15:44:20
8851228000240,Darlie 35g,Personal Care,,1,,Each,2026-07-03 15:44:20
4891338000055,darlie 75G,Personal Care,,1.7,,Each,2026-07-03 15:44:20
4891338020800,Darlie Toothpaste 75g,Personal Care,,1.8,0,Each,2026-07-16T21:53:22
4891338047555,DARLIE Twin Pack,Personal Care,,7.9,,Each,2026-07-03 15:44:20
8906012308887,Dasangam Cone,Poojai Items,,3,,Each,2026-07-03 15:44:20
8888002225506,DASANI WATER 1.5 L,Beverages,,1.5,,Each,2026-07-03 15:44:20
8888002225100,DASANI WATER 600ML,Beverages,,1,,Each,2026-07-03 15:44:20
9557305002976,Dawn 1kg,Breakfast Items,,3.3,,Each,2026-07-03 15:44:20
8888026303105,DAWN 380g,Breakfast Items,,1.3,,Each,2026-07-03 15:44:20
8888640059839,Day Day,Beverages,,1,,Each,2026-07-03 15:44:20
9557062405034,DD Chicken,Snacks,,1.5,,Each,2026-07-03 15:44:20
9557062405041,DD Prawn Cracker,Snacks,,1.5,,Each,2026-07-03 15:44:20
8888620962234,Decoria,Snacks,,1.5,,Each,2026-07-03 15:44:20
8888620962227,DECORIA CHOCO,Snacks,,1.5,,Each,2026-07-03 15:44:20
8888620962258,Decoria Lolipop,Snacks,,1.5,,Each,2026-07-03 15:44:20
8888620962265,DECORIO LOLLIPOPS,Snacks,,1.5,,Each,2026-07-03 15:44:20
6935205374585,Deli Cutter 2031,General Merchandise,,2,,Each,2026-07-03 15:44:20
6921734994073,Deli Cutter 2036s,General Merchandise,,2.9,,Each,2026-07-03 15:44:20
6973504001009,deli graphite pecil,General Merchandise,,2.9,,Each,2026-07-03 15:44:20
6935205336880,Deli Mini Sharpener,General Merchandise,,1.5,,Each,2026-07-03 15:44:20
6921734906038,Deli Scissors Type 1,General Merchandise,,2.6,,Each,2026-07-03 15:44:20
6921734960078,Deli Scissors Type 2,General Merchandise,,1.8,,Each,2026-07-03 15:44:20
6935205394453,Deli w Glue,General Merchandise,,1.6,,Each,2026-07-03 15:44:20
9556111992808,Dettol 125ml,Personal Care,,4.4,,Each,2026-07-03 15:44:20
8888071600020,DETTOL 250ML,Personal Care,,5.9,,Each,2026-07-03 15:44:20
9556111624051,Dettol AB Wet Wipes,Personal Care,,2.4,,Each,2026-07-03 15:44:20
9556111987910,Dettol Cool,Personal Care,,3.5,,Each,2026-07-03 15:44:20
9556111410036,Dettol Crisp Breeze,Household Products,,9,0,Each,2026-07-12T21:15:52
9556111987903,Dettol Fresh,Personal Care,,3.5,,Each,2026-07-03 15:44:20
9556111993997,Dettol H Soap M,Personal Care,,3.9,,Each,2026-07-03 15:44:20
9556111994109,Dettol H Soap,Personal Care,,3.9,,Each,2026-07-03 15:44:20
95507972,Dettol Hand Sanitizer,Personal Care,,2.9,,Each,2026-07-03 15:44:20
8901396602552,Dettol hand Wash,Personal Care,,6.5,,Each,2026-07-03 15:44:20
9556111609027,DETTOL Instant Cool,Personal Care,,6.9,,Each,2026-07-03 15:44:20
9556108000868,Dettol Lavender,Personal Care,,7.5,,Each,2026-07-03 15:44:20
9556108000851,Dettol Lemon Breeze,Personal Care,,7.5,,Each,2026-07-03 15:44:20
9556111410012,Dettol Morning Dew,Personal Care,,7.5,,Each,2026-07-03 15:44:20
9556108001674,Dettol ONZEN,Personal Care,,6.9,,Each,2026-07-03 15:44:20
8901396602491,Dettol Original Soap,Personal Care,,3.5,,Each,2026-07-03 15:44:20
9556111619026,DETTOL Original,Personal Care,,6.9,,Each,2026-07-03 15:44:20
9556111987873,DETTOL ORIGINAL 100G,Personal Care,,3.5,,Each,2026-07-03 15:44:20
9556111987927,Dettol Re-Energize,Personal Care,,3.5,,Each,2026-07-03 15:44:20
8901396601517,Dettol Skincare1,Personal Care,,3.5,,Each,2026-07-03 15:44:20
9556111987941,Dettol Skincare,Personal Care,,3.5,,Each,2026-07-03 15:44:20
8993560025007,Dettol Soap Cool,Personal Care,,3.5,,Each,2026-07-03 15:44:20
8993560024987,Dettol Soap Original,Personal Care,,3.5,,Each,2026-07-03 15:44:20
5000277001101,Dewars 700cl,Liquor,,45,,Each,2026-07-03 15:44:20
5000277000500,DEWARS W LABEL 20cl,Liquor,,14.9,,Each,2026-07-03 15:44:20
5000277000708,DEWARS W LABEL 37.5cl,Liquor,,27,,Each,2026-07-03 15:44:20
5000277001156,Dewars w Label 700ml,Liquor,,47.9,,Each,2026-07-03 15:44:20
8850309202276,Dewberry,Snacks,,1.5,0,Each,2026-07-15T19:14:16
8906010260125,Dheepam Lamp Oil,Poojai Items,,4.9,,Each,2026-07-03 15:44:20
8801038562421,Dorco 5s,Personal Care,,2,0,Each,2026-07-10T11:49:18
6924743926578,Doritos Cheese,Snacks,,5.4,,Each,2026-07-03 15:44:20
1200108000721,Doritos N Cheese,Snacks,,1,,Each,2026-07-03 15:44:20
9555192508908,DOUBLEMINT,Snacks,,1.8,,Each,2026-07-03 15:44:20
8851932291323,DOV Shampoo,Personal Care,,6.8,,Each,2026-07-03 15:44:20
8717163607268,Dove,Personal Care,,1.4,,Each,2026-07-03 15:44:20
8000700000005,DOVE 100GM,Personal Care,,1.4,,Each,2026-07-03 15:44:20
8710447289327,Dove 90g P,Personal Care,,1.4,,Each,2026-07-03 15:44:20
8712561538077,Dove 90g,Personal Care,,1.4,,Each,2026-07-03 15:44:20
4710094112355,DOVE Cucumber,Personal Care,,6.9,,Each,2026-07-03 15:44:20
8851932231329,DOVE Daily Shine,Personal Care,,9.9,,Each,2026-07-03 15:44:20
6902088309416,Dove gentle exfoliating,Personal Care,,6.9,,Each,2026-07-03 15:44:20
8999999031053,DOVE GO FRESH 1L,Personal Care,,6.9,,Each,2026-07-03 15:44:20
8851932290272,DOVE HF Rescue,Personal Care,,9.9,,Each,2026-07-03 15:44:20
8851932227704,DOVE Intense Repair,Personal Care,,10.5,,Each,2026-07-03 15:44:20
4710094111105,Dove Lavender 1L,Personal Care,,6.9,,Each,2026-07-03 15:44:20
4710094111273,Dove Lavender 200ml,Personal Care,,2.8,,Each,2026-07-03 15:44:20
6902088309485,DOVE MOISTURE 1L,Personal Care,,6.9,,Each,2026-07-03 15:44:20
6902088309447,DOVE Moisture 200ml,Personal Care,,2.6,,Each,2026-07-03 15:44:20
8717163616468,Dove Pink Bar 135g,Personal Care,,1.6,0,Each,2026-07-15T18:18:15
4710094111143,Dove Rose Aloe Veera,Personal Care,,6.9,0,Each,2026-07-16T21:52:43
4710094111174,Dove Sakura,Personal Care,,6.9,,Each,2026-07-03 15:44:20
8851932231107,Dove Straight&Silky,Personal Care,,9.9,,Each,2026-07-03 15:44:20
4892218080754,DOVE White Peach,Personal Care,,6.9,,Each,2026-07-03 15:44:20
4902430415668,Downy Fresh Bouquet,Household Products,,9.9,,Each,2026-07-03 15:44:20
4902430452816,Downy G Bloom,Household Products,,9.9,,Each,2026-07-03 15:44:20
4902430504560,Downy Mystique,Household Products,,9.9,,Each,2026-07-03 15:44:20
4902430355193,Downy Passion,Household Products,,9.9,,Each,2026-07-03 15:44:20
8886456600269,DRY CHILLY 100G,Indian Provision,,2,,Each,2026-07-03 15:44:20
8888546111389,Dry Ginger,Indian Provision,,2.3,,Each,2026-07-03 15:44:20
88820545,Dunhill 20s,Tobacco,,18.3,0,Each,2026-07-20T11:57:33
88823065,DUNHILL LIGHT,Tobacco,,16,,Each,2026-07-03 15:44:20
88823089,DUNHILL MENTHOL,Tobacco,,18.4,,Each,2026-07-03 15:44:20
8888075005920,DUNHILL SWITH,Tobacco,,16.3,,Each,2026-07-03 15:44:20
5010232955196,DUREX CLOSE FIT 3s,Personal Care,,5.9,,Each,2026-07-03 15:44:20
8850163000131,DUREX EXTRA SAFE 3S,Personal Care,,6.9,,Each,2026-07-03 15:44:20
8850163000100,DUREX FETHERLITEF 3S,Personal Care,,6.9,,Each,2026-07-03 15:44:20
5038483189177,DUREX LOVE 3S,Personal Care,,5.5,,Each,2026-07-03 15:44:20
5010232955233,DUREX PERFORMA 3PCS,Personal Care,,4.6,,Each,2026-07-03 15:44:20
9556111992440,durex Play Classic,Personal Care,,8.5,,Each,2026-07-03 15:44:20
8850163000209,DUREX TOGETHER 3S,Personal Care,,5.9,,Each,2026-07-03 15:44:20
9557941202037,Durian,Ice Cream,,0.8,,Each,2026-07-03 15:44:20
8851932231091,Dve Straight & Silky,Personal Care,,6.8,,Each,2026-07-03 15:44:20
8885010238894,DYNAMO AB 2.5 kg,Household Products,,15.9,,Each,2026-07-03 15:44:20
8885010239761,Dynamo AB Refill,Household Products,,13.9,,Each,2026-07-03 15:44:20
8885010238917,DYNAMO AB 3.3kg,Household Products,,14.9,,Each,2026-07-03 15:44:20
8885010239754,Dynamo color care,Household Products,,13.9,,Each,2026-07-03 15:44:20
8885010239778,DYNAMO EAU DE ROSE,Household Products,,13.9,,Each,2026-07-03 15:44:20
8885010238948,Dynamo ED Rose 3.3kg,Household Products,,14.9,,Each,2026-07-03 15:44:20
8885010238924,DYNAMO ROSE,Household Products,,15.9,,Each,2026-07-03 15:44:20
8901786630509,E Briyani Masala,Indian Provision,,2.4,,Each,2026-07-03 15:44:20
8901786431007,E Coriander Powder,Indian Provision,,2.6,,Each,2026-07-03 15:44:20
8901786271009,E Dry Mango,Indian Provision,,2.6,,Each,2026-07-03 15:44:20
8901786280254,E Kasuri Meithi,Indian Provision,,1.8,,Each,2026-07-03 15:44:20
8901786021000,E Masala Tea,Breakfast Items,,2.9,,Each,2026-07-03 15:44:20
9002490100070,E RED BULL 250ML,Beverages,,2.9,,Each,2026-07-03 15:44:20
9002490207250,E Redbull,Beverages,,53,,Each,2026-07-03 15:44:20
9002490292102,E Redbull 250ml,Beverages,,2.9,0,Each,2026-07-09T13:30:46
8850298106005,E Rice Flour 600g,Kitchen Essentials,,1.8,,Each,2026-07-03 15:44:20
653345246581,Eagle Black Henna,Personal Care,,1.3,0,Each,2026-07-15T17:49:44
8885001099114,EASY MENTHOL,Tobacco,,15.4,,Each,2026-07-03 15:44:20
8885001099176,EASY RED,Tobacco,,15.4,,Each,2026-07-03 15:44:20
9555192507116,Eclipse Peppermint,Snacks,,3.5,0,Each,2026-07-14T14:15:00
9555192507215,Eclipse Spearmint,Snacks,,3.5,0,Each,2026-07-14T14:23:46
E9v,Eergizer 9V,General Merchandise,,5.9,5.4,Each,2026-07-03 15:44:20
8,Eight Sim Card,Telecom,,0.1,0,Each,2026-07-04T15:00:07
8888546090196,ELAMIN,Snacks,,5.4,,Each,2026-07-03 15:44:20
5060068526923,Emami,Personal Care,,2.4,,Each,2026-07-03 15:44:20
5060068526930,EMAMI FAIR AND HANDSOME 50G,Personal Care,,3.6,,Each,2026-07-03 15:44:20
8888021300369,Energize A27,General Merchandise,,3.9,,Each,2026-07-03 15:44:20
8888021301748,Energizer 2016,General Merchandise,,5.5,,Each,2026-07-03 15:44:20
8888021300185,Energizer 2032,General Merchandise,,2.8,,Each,2026-07-03 15:44:20
8888021200171,Energizer 9V,General Merchandise,,7.6,,Each,2026-07-03 15:44:20
8888021300116,Energizer A23 saver,General Merchandise,,3.9,,Each,2026-07-03 15:44:20
8888021301762,Energizer A23,General Merchandise,,5.5,,Each,2026-07-03 15:44:20
8888021309034,Energizer AA 4,General Merchandise,,4.8,,Each,2026-07-03 15:44:20
8888021202250,ENERGIZER AA BATTERY 2S,General Merchandise,,2.6,,Each,2026-07-03 15:44:20
8888021202267,ENERGIZER AA BATTERY 4S,General Merchandise,,4.8,,Each,2026-07-03 15:44:20
8888021202274,ENERGIZER AAA BATTERY 2S,General Merchandise,,2.6,,Each,2026-07-03 15:44:20
8888021202281,Energizer Aaa Battery 4s,General Merchandise,,4.8,0,Each,2026-07-09T18:46:16
8888021300178,ENERGIZER BATTERY A76 LR44 1.5VOLTS,General Merchandise,,1.8,,Each,2026-07-03 15:44:20
8888021300208,ENERGIZER BATTERY LITHIUM E2,General Merchandise,,4.5,,Each,2026-07-03 15:44:20
8888008080017,ENO FRUIT SALT 100G,Personal Care,,6.6,,Each,2026-07-03 15:44:20
8888008080024,ENO FRUIT SALT 200G,Personal Care,,3.4,,Each,2026-07-03 15:44:20
8888008080048,ENO FRUIT SALT LEMON 200G,Personal Care,,3.4,,Each,2026-07-03 15:44:20
8888008080031,ENO LEMON 100G,Personal Care,,5.9,,Each,2026-07-03 15:44:20
8888008080055,ENO ORANGE 100G,Personal Care,,5.9,,Each,2026-07-03 15:44:20
88821740,Eno Sachets,Personal Care,,0.9,0,Each,2026-07-16T15:07:28
8888176039879,ES Extra Moisturizing,Personal Care,,11.9,,Each,2026-07-03 15:44:20
8888202064004,ES Extra Nourishing,Personal Care,,11.9,,Each,2026-07-03 15:44:20
8888202064011,ES Pore Refining,Personal Care,,11.9,,Each,2026-07-03 15:44:20
8999002311462,Eveready Aa,Household Products,,2,0,Each,2026-07-13T21:52:01
8888021100211,EVEREADY AA 4,General Merchandise,,1.8,,Each,2026-07-03 15:44:20
8888021100075,EVEREADY AA 4S,General Merchandise,,2,,Each,2026-07-03 15:44:20
8888021100563,EVEREADY AAA 1X4,General Merchandise,,1.6,,Each,2026-07-03 15:44:20
8888021100204,EVEREADY BATTERY C SIZE,General Merchandise,,2,,Each,2026-07-03 15:44:20
8888021100198,EVEREADY D SIZE,General Merchandise,,1.9,,Each,2026-07-03 15:44:20
8888021100327,EVEREADY HEAVY DUTY 9V,General Merchandise,,2.9,,Each,2026-07-03 15:44:20
8901786241002,Everest Cumin Powder 100g,Indian Provision,,2.6,,Each,2026-07-03 15:44:20
8901786421008,Everest Turmeric,Indian Provision,,2.6,,Each,2026-07-03 15:44:20
8887036023102,Exercise Book,General Merchandise,,1,0,Each,2026-07-18T11:55:16
8885015220108,EYE MO Moist,Personal Care,,6.1,,Each,2026-07-03 15:44:20
8885015220009,EYE MO REGULAR,Personal Care,,5.1,,Each,2026-07-03 15:44:20
8888440007191,F Nuggets H&s 400g,Frozen Food,,4.5,0,Each,2026-07-09T12:49:28
8888440000574,F Premium Fries,Frozen Food,,5.2,,Each,2026-07-03 15:44:20
8888200615550,F&N BLUEBERRY&CRANBERRY 1L,F&n,,2.9,,Each,2026-07-03 15:44:20
8888200700300,F&N CHRYSANTHEMUM TEA 300.ML,Beverages,,1,,Each,2026-07-03 15:44:20
8888200615475,F&N CRANBERY NO SUGAR,F&n,,2.9,,Each,2026-07-03 15:44:20
9556570312087,F&N GINGER BEER 1.5L,Beverages,,2.5,,Each,2026-07-03 15:44:20
8888200703240,F&n Grape 1.5,Beverages,,2.5,0,Each,2026-07-13T16:28:56
8888200702007,F&N GRASS JELLY 300.ML,Beverages,,1,,Each,2026-07-03 15:44:20
9556570311066,F&N ICECRAM 500ML,Beverages,,1.5,,Each,2026-07-03 15:44:20
8888200702069,F&N LEMON TEA 1.5 L,Beverages,,2.6,,Each,2026-07-03 15:44:20
8888200705695,F&N Lemonade,Beverages,,1,,Each,2026-07-03 15:44:20
8888200713423,F&n Orange 1.50l,Beverages,,2.6,0,Each,2026-07-18T16:31:44
8888200703332,F&N ORANGE 300ML,Beverages,,1,,Each,2026-07-03 15:44:20
8888200615437,F&N ORANGE NO SUGAR,F&n,,2.9,,Each,2026-07-03 15:44:20
8888200705756,F&N Peach,Beverages,,1,,Each,2026-07-03 15:44:20
8888200713409,F&n Sarsi 1.5l,Beverages,,2.6,0,Each,2026-07-13T15:40:09
8888200703431,F&N SARSI 325ML,Beverages,,1,,Each,2026-07-03 15:44:20
9556570105108,F&N SODA WATER 325ML,Beverages,,1,,Each,2026-07-03 15:44:20
8888200703141,F&N Cherryade 1.5L,Beverages,,2.5,,Each,2026-07-03 15:44:20
9556570311035,F&N ZAPPEL 500ML,Beverages,,1.5,,Each,2026-07-03 15:44:20
8885010239716,Fab A Bacterial,Household Products,,7.2,,Each,2026-07-03 15:44:20
4902430773324,Fab Antibacterial 2.1kg,Household Products,,6.9,,Each,2026-07-03 15:44:20
8885010239457,Fab Cotton,Household Products,,7.2,,Each,2026-07-03 15:44:20
4902430773744,Fab Downy,Household Products,,6.9,,Each,2026-07-03 15:44:20
4902430773720,Fab Lavender,Household Products,,6.9,,Each,2026-07-03 15:44:20
4902430774031,Fab Perfect,Household Products,,6.9,,Each,2026-07-03 15:44:20
9556089882309,Faber Castell Eraser,General Merchandise,,1,0,Each,2026-07-10T12:25:34
8886359101023,Facial Cotton Soft,Personal Care,,2,,Each,2026-07-03 15:44:20
8991038110354,Facial Cotton,Personal Care,,2,,Each,2026-07-03 15:44:20
8991038111757,Facial Cotton 75g,Personal Care,,2.5,0,Each,2026-07-19T18:50:38
9556126647236,FAIR & LOVELY 50G,Personal Care,,2,,Each,2026-07-03 15:44:20
9556126647267,FAIR & LOVELY 80G,Personal Care,,2.9,,Each,2026-07-03 15:44:20
5060068528552,Fair and Handsome,Personal Care,,3.9,,Each,2026-07-03 15:44:20
9555589207292,FANTA 330 ML,Beverages,,1,,Each,2026-07-03 15:44:20
9555589215280,FANTA Fruit punch,Beverages,,2.6,,Each,2026-07-03 15:44:20
8888002084004,Fanta Grape,Beverages,,1,,Each,2026-07-03 15:44:20
9555589200989,FANTA GRAPE 1.5L,Beverages,,2.5,,Each,2026-07-03 15:44:20
9555589208756,Fanta Grape 1.75l,Beverages,,2.5,,Each,2026-07-03 15:44:20
9551022470971,Fanta Grape 500ml,Beverages,,1.6,0,Each,2026-07-17T21:47:02
9555589219677,Fanta IC Soda,Beverages,,1,,Each,2026-07-03 15:44:20
8888002086008,FANTA Orange 300ml,Beverages,,1,,Each,2026-07-03 15:44:20
9555589208718,FANTA Orange 1.5L a,Beverages,,2.5,,Each,2026-07-03 15:44:20
9555589200798,FANTA ORANGE 1.5L,Beverages,,2.5,,Each,2026-07-03 15:44:20
9555589204918,FANTA Orange 320*12,Beverages,,9.6,,Each,2026-07-03 15:44:20
8888002086473,FANTA Orange 500ml,Beverages,,1.5,,Each,2026-07-03 15:44:20
8888200603199,FARMHOUSE 1.89L,F&n,,6.5,,Each,2026-07-03 15:44:20
8888200081515,Farmhouse 1l,Breakfast Items,,2.9,0,Each,2026-07-09T15:46:24
8888440012065,Farmland Crinkle Fries,Frozen Food,,4.9,,Each,2026-07-03 15:44:20
8888440012058,Farmland Fries,Frozen Food,,5.2,,Each,2026-07-03 15:44:20
8888440009805,Farmland Sardines,Canned Food,,1.8,,Each,2026-07-03 15:44:20
8885014300030,FAROX BLEACH,Household Products,,3.2,,Each,2026-07-03 15:44:20
4902430771122,FEB BAR 130G,Household Products,,0.6,,Each,2026-07-03 15:44:20
4902430773737,FEB LAVENDER 720G,Household Products,,2,,Each,2026-07-03 15:44:20
8850011072426,Felix Chicken,Pet Products,,1,,Each,2026-07-03 15:44:20
8850011072457,Felix Salmon,Pet Products,,1,,Each,2026-07-03 15:44:20
8850011072488,Felix Tuna,Pet Products,,1,,Each,2026-07-03 15:44:20
8904064600584,Fennel Seed 100g,Indian Provision,,1.3,,Each,2026-07-03 15:44:20
8888546512506,FENNEL SEED POWDER 250G,Indian Provision,,2.2,,Each,2026-07-03 15:44:20
8000500078310,FERRERO RONDNOIR T4,Snacks,,2.6,,Each,2026-07-03 15:44:20
8888231100063,FINE SUGAR 1KG,Kitchen Essentials,,2.2,,Each,2026-07-03 15:44:20
9556207188849,Fish Ball Stick,Snacks,,2,,Each,2026-07-03 15:44:20
50357574,FISHERMAN LEMON,Snacks,,2.3,,Each,2026-07-03 15:44:20
96183304,Fisherman Mixed Berries,Snacks,,2.6,0,Each,2026-07-09T15:11:35
96083871,Fisherman Spearmint,Snacks,,2.3,,Each,2026-07-03 15:44:20
50390182,FISHERMANS BC,Snacks,,2.5,,Each,2026-07-03 15:44:20
50819386,FISHERMANS Original,Snacks,,2.3,,Each,2026-07-03 15:44:20
8888440008136,FL Chicken Franks,Frozen Food,,2,,Each,2026-07-03 15:44:20
8904064603028,Flax Seed,Indian Provision,,1.4,,Each,2026-07-03 15:44:20
8901751435139,Flute Chandan,Poojai Items,,5.6,,Each,2026-07-03 15:44:20
8901751432817,Flute Lavender,Poojai Items,,1,,Each,2026-07-03 15:44:20
8901751435122,Flute Sandal,Poojai Items,,1,,Each,2026-07-03 15:44:20
8888231090012,FLYING FINE SALT 250G,Kitchen Essentials,,0.5,,Each,2026-07-03 15:44:20
8888231120016,FLYING MAN CORNFLOUR 400G,Kitchen Essentials,,1.5,,Each,2026-07-03 15:44:20
8888231090067,FLYING MAN SALT 1 KG,Kitchen Essentials,,1,,Each,2026-07-03 15:44:20
8888231090036,FLYING SALT 500G,Kitchen Essentials,,1,,Each,2026-07-03 15:44:20
8888231110017,FLYINGMAN RICE 5KG,Rice,,16.6,,Each,2026-07-03 15:44:20
8888200628291,FN Dark Chocolate,F&n,,2.1,,Each,2026-07-03 15:44:20
8888200650223,FN Fineapple,Beverages,,1.2,,Each,2026-07-03 15:44:20
8888200703189,FN FRUITADE 1.5L,Beverages,,2.6,,Each,2026-07-03 15:44:20
9556570311073,FN FRUITADE 500ML,Beverages,,1.5,,Each,2026-07-03 15:44:20
8888200705374,FN GINGER 1.5L,Beverages,,2.5,,Each,2026-07-03 15:44:20
8888200705657,FN Grapefruit,Beverages,,1,,Each,2026-07-03 15:44:20
9556570311059,FN GRAPS 500ML,Beverages,,1.5,,Each,2026-07-03 15:44:20
8888200704292,FN Green Tea 1.5L,Beverages,,2.5,,Each,2026-07-03 15:44:20
8888200703264,FN Ice Cream Soda 325ML,Beverages,,1,,Each,2026-07-03 15:44:20
8888200703288,FN Ice Cream Soda1.5L,Beverages,,2.5,,Each,2026-07-03 15:44:20
8888200714161,FN Ice Lemon Tea 1.5L,Beverages,,2.6,,Each,2026-07-03 15:44:20
8888200714062,Fn Ice Lemon Tea 300ml,Beverages,,1.1,0,Each,2026-07-19T12:26:12
8888200714246,Fn Ice Lemon Tea 500ml,Beverages,,1.6,0,Each,2026-07-12T22:48:26
8888200606312,FN MAGNOLIA CHO 946ml,F&n,,3.7,,Each,2026-07-03 15:44:20
8888200632236,FN N WELL WATER CHESTNUT 1L,F&n,,2.8,,Each,2026-07-03 15:44:20
8888200619282,FN NUTRI SOY 475ML,F&n,,1.8,,Each,2026-07-03 15:44:20
8888200632199,FN NUTRI WELL CHRYSAN 1L,F&n,,2.8,,Each,2026-07-03 15:44:20
8888200632434,Fn Nutriwell,F&n,,2.8,0,Each,2026-07-20T20:03:14
8888200705619,FN Orange,Kitchen Essentials,,4.9,,Each,2026-07-03 15:44:20
8888200650131,FN PINK GUAVA,Beverages,,1.3,,Each,2026-07-03 15:44:20
8888200650414,Fn Pink Guava 300ml,F&n,,1.4,0,Each,2026-07-19T16:30:45
8888200705626,FN Rose,Kitchen Essentials,,4.9,,Each,2026-07-03 15:44:20
8888200713041,Fn Soda Water,Beverages,,1.2,0,Each,2026-07-09T14:31:14
8888200702830,Fn Soya 300ml,Beverages,,1,0,Each,2026-07-13T13:49:18
8888200713621,Fn Strawberry 500ml,Beverages,,1.6,0,Each,2026-07-17T15:09:43
8888200713003,Fn Tonic Water 300ml,Beverages,,1.2,0,Each,2026-07-17T13:38:47
8888200641269,FN Yoghurt Strawberry,F&n,,3.3,,Each,2026-07-03 15:44:20
8888200705213,FN Zappel 1.5L,Beverages,,2.5,,Each,2026-07-03 15:44:20
8908001158305,FOGG MARCO,Personal Care,,3.9,,Each,2026-07-03 15:44:20
8908001158244,FOGG NAPOLEON,Personal Care,,3.9,,Each,2026-07-03 15:44:20
95501994,FOLLOW ME MEN BODY SPRAY 75ML,Personal Care,,3.2,,Each,2026-07-03 15:44:20
95501604,FOLLOW ME MENS BODY SPRAY 75ML,Personal Care,,3.2,,Each,2026-07-03 15:44:20
95501666,FOLLOW ME ROLL ON MEN 60ML,Personal Care,,3.9,,Each,2026-07-03 15:44:20
9551025230725,Food Paper,Household Products,,3.8,,Each,2026-07-03 15:44:20
8887476881652,Fresh Eggs,Breakfast Items,,3.4,0,Each,2026-07-13T22:44:25
8887476883595,Fresh Eggs 30pcs,Breakfast Items,,7.9,0,Each,2026-07-10T11:44:09
9555448109231,Fried Onions 90G,Kitchen Essentials,,1.9,,Each,2026-07-03 15:44:20
8850632601098,FRITC,Snacks,,0.7,,Each,2026-07-03 15:44:20
8850632601104,FRITC B,Snacks,,0.7,,Each,2026-07-03 15:44:20
8902579104016,FROOTI 500ML,Beverages,,1.5,,Each,2026-07-03 15:44:20
8902579103170,FROOTI MANGO 600ML,Beverages,,1.2,,Each,2026-07-03 15:44:20
8902579100025,FROOTI PACKET DRINK,Beverages,,0.6,,Each,2026-07-03 15:44:20
6969018186639,FRUIT COKTAIL,Canned Food,,2.4,,Each,2026-07-03 15:44:20
8888200615062,FRUIT TREE APPLE JUICE 1L,F&n,,2.8,,Each,2026-07-03 15:44:20
8888200618391,FRUIT TREE MANGO 300ML,Beverages,,1,,Each,2026-07-03 15:44:20
8888200605001,FRUIT TREE ORANGE 300ML,Beverages,,1,,Each,2026-07-03 15:44:20
8888200141059,FRUIT TREE ORANGE 946ml,F&n,,2.8,,Each,2026-07-03 15:44:20
8886456604793,FRYAMS STAR 200G,Indian Provision,,1.5,,Each,2026-07-03 15:44:20
8886456604786,FRYAMS TUBE 200G,Indian Provision,,1.5,,Each,2026-07-03 15:44:20
8886456604816,FRYAMS WHEEL 200G,Indian Provision,,1.5,,Each,2026-07-03 15:44:20
8885008901526,FRYUMS DESIGN,Indian Provision,,1.8,,Each,2026-07-03 15:44:20
8885008901540,FRYUMS STAR,Indian Provision,,1.8,,Each,2026-07-03 15:44:20
9556040586109,FT SOURSOP 1L,F&n,,2.8,,Each,2026-07-03 15:44:20
49755343,Fujiya Choc,Snacks,,2.2,0,Each,2026-07-09T20:56:01
9551022471497,Fuze Lemon Tea 500ml,Beverages,,1.6,0,Each,2026-07-17T21:55:43
9551022471572,Fuze Tea,Beverages,,1.5,0,Each,2026-07-21T14:01:19
9555589211992,FUZU Lychee,Beverages,,2.5,,Each,2026-07-03 15:44:20
9555589218403,FUZU Peach Mint,Beverages,,2.5,,Each,2026-07-03 15:44:20
8992304009167,G Anti Cooling Foam,Personal Care,,3.9,,Each,2026-07-03 15:44:20
8881304324274,G Bag 1919,Household Products,,2.4,,Each,2026-07-03 15:44:20
8881304323802,G Bag 3034,Household Products,,1.8,,Each,2026-07-03 15:44:20
8881304323819,G Bag 3648,Household Products,,3.4,,Each,2026-07-03 15:44:20
8992222054515,G Charcoal+Lemon,Personal Care,,3.9,,Each,2026-07-03 15:44:20
8992222055093,G Ice Freeze,Personal Care,,3.9,,Each,2026-07-03 15:44:20
6958731900028,G Lighter,General Merchandise,,2.5,,Each,2026-07-03 15:44:20
4987176226808,G MACH3,Personal Care,,5.9,,Each,2026-07-03 15:44:20
8992222054553,G Papaya Extract,Personal Care,,3.9,,Each,2026-07-03 15:44:20
8888247111114,G W BREAD 400G,Bakery Goods,,2.5,,Each,2026-07-03 15:44:20
8888247111138,G Wholemeal 420G,Bakery Goods,,3.1,,Each,2026-07-03 15:44:20
8888036008533,G/L HAIR SPRAY 240ML,Personal Care,,9.4,,Each,2026-07-03 15:44:20
8888036010222,G/LOOK H/SPRAY 240ML,Personal Care,,9.6,,Each,2026-07-03 15:44:20
8887437241204,G/P THAI RICE 1KG,Rice,,3.8,,Each,2026-07-03 15:44:20
GB,Ganesh Beedi,Tobacco,,6.8,5.7,Each,2026-07-03 15:44:20
8881304323796,Garbage Bag 22,Household Products,,1.4,,Each,2026-07-03 15:44:20
8888247101009,GARDENIA 600G,Bakery Goods,,3.2,,Each,2026-07-03 15:44:20
8888247111206,Gardenia W Extra Soft,Breakfast Items,,3.3,0,Each,2026-07-09T11:15:48
490510111,Garlic Murukku,Indian Snacks,,1,,Each,2026-07-03 15:44:20
8992304047152,GARNIER,Personal Care,,3.9,,Each,2026-07-03 15:44:20
8992304019524,Garnier Anti-Acne,Personal Care,,3.8,,Each,2026-07-03 15:44:20
8901526527496,GARNIER Brown,Personal Care,,10.9,,Each,2026-07-03 15:44:20
8901526538515,GARNIER C Brown,Personal Care,,10.9,,Each,2026-07-03 15:44:20
8994993001323,Garnier Charcoal,Personal Care,,4.2,,Each,2026-07-03 15:44:20
8901526527472,GARNIER DBrown,Personal Care,,10.9,,Each,2026-07-03 15:44:20
8992304009204,GARNIER ICY SCURB,Personal Care,,3.9,,Each,2026-07-03 15:44:20
8901526527465,GARNIER N Black,Personal Care,,10.9,,Each,2026-07-03 15:44:20
8992304033858,Garnier Sakura Glow,Personal Care,,3.8,,Each,2026-07-03 15:44:20
8991380700609,Garnier SCRUB,Personal Care,,3.8,,Each,2026-07-03 15:44:20
6970826025133,Gas Lighter,General Merchandise,,1.8,,Each,2026-07-03 15:44:20
8992222051613,Gatsby,Personal Care,,3.9,0,Each,2026-07-09T17:26:12
8992222056595,GATSBY 3 Perfection,Personal Care,,3.9,,Each,2026-07-03 15:44:20
8992222056045,GATSBY E&V 75g,Personal Care,,3.9,,Each,2026-07-03 15:44:20
8992222054539,GATSBY Oil Control,Personal Care,,3.9,,Each,2026-07-03 15:44:20
4902806584028,GATSBY Spray 45g,Personal Care,,4.2,,Each,2026-07-03 15:44:20
8886413700162,GATSBY Super Hard,Personal Care,,10.9,,Each,2026-07-03 15:44:20
9556111984452,Gaviscon 5*10s,Personal Care,,13.9,0,Each,2026-07-17T21:24:46
8885008901571,GB CORN PAPAD,Indian Provision,,1.8,,Each,2026-07-03 15:44:20
8885008901052,GB FINGER MILLET,Indian Provision,,1.9,,Each,2026-07-03 15:44:20
8885008901106,GB Foxtail Millet,Indian Provision,,2.4,,Each,2026-07-03 15:44:20
8885008901533,GB FRYUMS Wheel,Indian Provision,,1.8,,Each,2026-07-03 15:44:20
8887437010114,Gb Japonica Rice 5kg,Rice,,11.9,0,Each,2026-07-11T14:20:13
8885008901083,GB Little Millet,Indian Provision,,2.4,,Each,2026-07-03 15:44:20
8887255132005,GB Longan,Canned Food,,2.8,,Each,2026-07-03 15:44:20
8885008901069,GB PEARL MILLET 500g,Indian Provision,,1.8,,Each,2026-07-03 15:44:20
8888589130040,GE Water 600ml,Beverages,,1,,Each,2026-07-03 15:44:20
8998989121200,GG Surya Pro,Tobacco,,16.5,,Each,2026-07-03 15:44:20
3014260294243,Gilette Blue,Personal Care,,4,,Each,2026-07-03 15:44:20
3014260294250,Gillette 6s,Personal Care,,4,0,Each,2026-07-15T17:15:13
4902430508377,GILLETTE BLUE 2,Personal Care,,4.2,,Each,2026-07-03 15:44:20
4902430508865,Gillette Blue II 10s,Personal Care,,5.9,,Each,2026-07-03 15:44:20
4902430341844,Gillette MACH3 4s,Personal Care,,12.3,,Each,2026-07-03 15:44:20
4902430862141,Gillette MACH3,Personal Care,,5.9,,Each,2026-07-03 15:44:20
4987176300485,Gillette Mach3 4,Personal Care,,12.6,,Each,2026-07-03 15:44:20
4902430921831,Gillette Mach3 4pcs,Personal Care,,10.9,,Each,2026-07-03 15:44:20
VEG02,Ginger,Vegetable,,6,0,KG,2026-07-17T15:16:11
8888176001739,GINVERA,Personal Care,,5.6,,Each,2026-07-03 15:44:20
012587000106,GLAD Cling Wrap,Household Products,,3.4,,Each,2026-07-03 15:44:20
9556823000129,Glade A Foil,Household Products,,2.9,,Each,2026-07-03 15:44:20
012587550526,Glade Airtight Seal,Household Products,,3.9,,Each,2026-07-03 15:44:20
9556823000297,Glade Cook&Bake,Household Products,,6.9,,Each,2026-07-03 15:44:20
012587570357,Glade Freezer,Household Products,,3.9,,Each,2026-07-03 15:44:20
8850175012276,Glade Lavender,Household Products,,3,,Each,2026-07-03 15:44:20
8992779141409,Glade Orange,Household Products,,4.9,,Each,2026-07-03 15:44:20
5010327325125,Glenfiddich,Liquor,,118,,Each,2026-07-03 15:44:20
8885006772012,Glida,Kitchen Essentials,,1.4,0,Each,2026-07-19T19:55:06
8901542006227,Glucon-D,Kitchen Essentials,,2.3,,Each,2026-07-03 15:44:20
8906048271063,Goburam,Poojai Items,,1.5,,Each,2026-07-03 15:44:20
8906014521406,Gokul Sandal,Personal Care,,3.9,,Each,2026-07-03 15:44:20
8888115000229,Gold Medal Oil,Cooking Oil,,1.5,,Each,2026-07-03 15:44:20
8906010261092,GOLD WINNER 2L,Cooking Oil,,9.8,,Each,2026-07-03 15:44:20
8906010261146,Gold Winner 5L,Cooking Oil,,17.8,,Each,2026-07-03 15:44:20
8906010261085,GOLD WINNER OIL 1 L,Cooking Oil,,4.9,,Each,2026-07-03 15:44:20
8906010261078,GOLD WINNER OIL 1L,Cooking Oil,,4,,Each,2026-07-03 15:44:20
8906010261139,GOLD WINNER OIL 5L,Cooking Oil,,16.5,,Each,2026-07-03 15:44:20
8888090780253,Golden Circle S Oil 1l,Indian Provision,,4.7,0,Each,2026-07-21T19:19:33
8888090781045,GOLDEN CIRCLE SUNFLOWER OIL 2L,Cooking Oil,,9.8,,Each,2026-07-03 15:44:20
gf,Golden Fuji Gas,General Merchandise,,6.9,6.9,Each,2026-07-03 15:44:20
8886401130049,Golden Triangle,Tobacco,,6.6,,Each,2026-07-03 15:44:20
8886401130018,Golden Triangles,Tobacco,,3.9,,Each,2026-07-03 15:44:20
8901063151338,Goodday Butter,Bakery Goods,,0.8,0,Each,2026-07-09T14:17:53
6291007906103,GoodDay Cashew,Snacks,,1.5,,Each,2026-07-03 15:44:20
8904405964733,Gopal Tooth Powder,Personal Care,,1,,Each,2026-07-03 15:44:20
5000289020701,Gordens Dry Gin,Liquor,,44.5,,Each,2026-07-03 15:44:20
5000289020107,GORDONS,Liquor,,9,,Each,2026-07-03 15:44:20
5000289020305,GORDONS 350ml,Liquor,,25.5,,Each,2026-07-03 15:44:20
5000289021203,GORDONS DRY GIN ,Liquor,,14.5,,Each,2026-07-03 15:44:20
5000289112208,GORDONS DRY London GIN,Liquor,,14.5,,Each,2026-07-03 15:44:20
5000289925440,Gordons Gin 700cl,Liquor,,44.5,,Each,2026-07-03 15:44:20
8887437010046,Gp Aaa 5kg,Rice,,12.9,0,Each,2026-07-13T21:06:46
8887437241822,GP AAA NEW CORP,Rice,,14.9,,Each,2026-07-03 15:44:20
8887437241112,GP Glutinous Rice,Rice,,3.8,,Each,2026-07-03 15:44:20
8887437331073,GP Sugar 500g,Kitchen Essentials,,1.3,,Each,2026-07-03 15:44:20
8887437241464,GP Veg Cooking Oil,Cooking Oil,,3.8,,Each,2026-07-03 15:44:20
8887437331134,GPA Raw Sugar 1kg,Kitchen Essentials,,3.8,,Each,2026-07-03 15:44:20
5010327208107,Grants 200ml,Liquor,,14.5,,Each,2026-07-03 15:44:20
5010327207117,Grants 375cl,Liquor,,27,,Each,2026-07-03 15:44:20
5010327224107,GRANTS 700cl,Liquor,,49,,Each,2026-07-03 15:44:20
8906010360115,GRB 500ml,Indian Provision,,8.9,,Each,2026-07-03 15:44:20
8906010360382,GRB GHEE 100ML,Indian Provision,,2.2,,Each,2026-07-03 15:44:20
8906010360085,GRB GHEE 200ML,Indian Provision,,3.9,,Each,2026-07-03 15:44:20
8906010367725,GRB Gulab Jamun 500g,Indian Snacks,,3.2,,Each,2026-07-03 15:44:20
8906010363260,GRB PURE GHEE 1L,Indian Provision,,15.9,,Each,2026-07-03 15:44:20
8906010369507,GRB SOAN PAPDI 100G,Indian Snacks,,1.2,,Each,2026-07-03 15:44:20
VEG03,Green Chilli,Vegetable,,9,0,KG,2026-07-17T15:16:11
8888196409713,Green Tea,Beverages,,1,,Each,2026-07-03 15:44:20
8888196124142,Green Tea 300ml,Beverages,,1.1,0,Each,2026-07-20T15:42:05
8888196951410,Green Tea No Sugar,Breakfast Items,,2.5,,Each,2026-07-03 15:44:20
P5,GREEN VATANA DRY 500G,Indian Provision,,1.8,,Each,2026-07-03 15:44:20
8998989123204,Gudang Garam,Tobacco,,16.5,,Each,2026-07-03 15:44:20
8888017600053,GUINNESS 320ML,Beer,,4,,Each,2026-07-03 15:44:20
8888017620051,Guinness 500ml,Beer,,6.5,,Each,2026-07-03 15:44:20
8885005273039,H Almond Oil,Personal Care,,4.5,,Each,2026-07-03 15:44:20
8885005273183,H Aloe Vera,Personal Care,,4.5,,Each,2026-07-03 15:44:20
8904004400731,H Aloo Bhujia 200g,Indian Snacks,,2.2,,Each,2026-07-03 15:44:20
8885005273053,H Antifungal Cream,Personal Care,,6,,Each,2026-07-03 15:44:20
8888546631009,H B PEPPER 100G,Kitchen Essentials,,2.2,,Each,2026-07-03 15:44:20
8904424805789,H B Pepper Cashew,Snacks,,1.8,,Each,2026-07-03 15:44:20
8904424805741,H BCG Cashews 45g,Snacks,,1.8,,Each,2026-07-03 15:44:20
8904004400045,H Bhujia Sev,Indian Provision,,2.3,,Each,2026-07-03 15:44:20
8904004400830,H Chana Garam,Indian Snacks,,1.8,,Each,2026-07-03 15:44:20
8885005273220,H Coconut Oil,Cooking Oil,,3.7,,Each,2026-07-03 15:44:20
8885005273121,H Facial Cotton,Personal Care,,2.5,,Each,2026-07-03 15:44:20
8904004417531,H Golden Mixture,Indian Snacks,,2.1,,Each,2026-07-03 15:44:20
8904004405934,H Gulab Jamun,Indian Snacks,,3.8,,Each,2026-07-03 15:44:20
8906081120090,H Healthy Nutmix 200g,Indian Snacks,,5.9,,Each,2026-07-03 15:44:20
8904004401158,H KHATTA MEETHA,Indian Snacks,,2.4,,Each,2026-07-03 15:44:20
8904004403732,H Moong Dal 200g,Indian Provision,,2.3,,Each,2026-07-03 15:44:20
8885005273244,H Mosquito Repellent Patch,Personal Care,,4.8,,Each,2026-07-03 15:44:20
8906081128515,H Peanuts Peri Peri,Snacks,,2.3,,Each,2026-07-03 15:44:20
8888071125547,H Power Bluematic,Household Products,,9.3,,Each,2026-07-03 15:44:20
8904004405712,H Rasagulla,Indian Snacks,,3.4,,Each,2026-07-03 15:44:20
8904004403596,H Roasted Channa,Indian Provision,,2.1,,Each,2026-07-03 15:44:20
8885005273169,H Rose Water,Poojai Items,,5.3,,Each,2026-07-03 15:44:20
8904424805734,H Smoked Alomnd,Indian Snacks,,1.8,,Each,2026-07-03 15:44:20
9556151011705,H Soya Bean Sauce 345ml,Kitchen Essentials,,3.5,0,Each,2026-07-11T15:07:18
8904004403633,H Tasty Nuts 200,Indian Snacks,,2.4,,Each,2026-07-03 15:44:20
8888002115029,H&E ICE LEMON TEA 315 ML,Beverages,,1,,Each,2026-07-03 15:44:20
8888002119386,H&E J/GREEN TEA 1.5L,Beverages,,2.5,,Each,2026-07-03 15:44:20
8888002119379,H&E JASMINE GREEN TEA,Beverages,,1.5,,Each,2026-07-03 15:44:20
8888002115470,H&E LEMON 500ML,Beverages,,1.5,,Each,2026-07-03 15:44:20
9555589203683,H&E MANGO 500ML,Beverages,,1.5,,Each,2026-07-03 15:44:20
8904004401721,H/ N/ MIX 160.G,Indian Snacks,,2.2,,Each,2026-07-03 15:44:20
8888546440021,H/B BASMATHI RICE 1KG,Rice,,5,,Each,2026-07-03 15:44:20
8888546572500,H/B BLACKEYEBEAN 250G,Indian Provision,,1.2,,Each,2026-07-03 15:44:20
8888546132506,H/B BRIYANI MASALA 250G,Indian Provision,,3.6,,Each,2026-07-03 15:44:20
8888546520013,H/B BROKEN RICE 1KG,Rice,,2.2,,Each,2026-07-03 15:44:20
8888546511257,H/B FENNEL SEED POWDER 125G,Indian Provision,,1.6,,Each,2026-07-03 15:44:20
8888546215001,H/B GRAMDHALL 500GMS,Indian Provision,,1.9,,Each,2026-07-03 15:44:20
8888546725005,H/B GREEN BEAN FLOUR 500G,Indian Provision,,2.5,,Each,2026-07-03 15:44:20
8888546595004,H/B GREEN BEANS 500G,Indian Provision,,2.6,,Each,2026-07-03 15:44:20
8888546240027,H/B IDDLY RICE 1KG,Indian Provision,,3,,Each,2026-07-03 15:44:20
8888546240034,H/B IDDLY RICE 5KG,Indian Provision,,9.8,,Each,2026-07-03 15:44:20
8888546540011,H/B MAIDHA 1KG,Indian Provision,,2.2,,Each,2026-07-03 15:44:20
8888546306013,H/B MEAT MIX 70GM,Indian Provision,,2,,Each,2026-07-03 15:44:20
8888546480058,H/B PARBOILED RICE 5KG,Rice,,9,,Each,2026-07-03 15:44:20
8888546460012,H/B Ponni Rice 1KG,Rice,,2.6,,Each,2026-07-03 15:44:20
8888546460050,H/B PONNI RICE 5 KG,Rice,,9.8,,Each,2026-07-03 15:44:20
8888546171253,H/B RASAM 125GM,Indian Provision,,1.4,,Each,2026-07-03 15:44:20
8888546001802,H/B RICE FLOUR 1 KG,Indian Provision,,2.5,,Each,2026-07-03 15:44:20
8888546195006,H/B RICE FLOUR 500G,Indian Provision,,1.4,,Each,2026-07-03 15:44:20
8888546755002,H/B ROASTED GRAM 500G,Indian Provision,,2.5,,Each,2026-07-03 15:44:20
RS,H/B ROCK SUGAR 250G,Kitchen Essentials,,1.2,,Each,2026-07-03 15:44:20
8888546861000,H/B SAGO BIJI 100G,Indian Provision,,1.3,,Each,2026-07-03 15:44:20
8888546090264,H/B SOYA MEAL 250gm,Indian Provision,,2,,Each,2026-07-03 15:44:20
8888546406034,H/B SPICES MIX FISH 100G,Indian Provision,,1.3,,Each,2026-07-03 15:44:20
8888546661006,H/B WHITE PEPPER 100G,Kitchen Essentials,,1.8,,Each,2026-07-03 15:44:20
8904004401943,H/R CONFLAKES 160GM,Indian Snacks,,2.3,,Each,2026-07-03 15:44:20
9556151011101,HABHALS,Breakfast Items,,3.8,,Each,2026-07-03 15:44:20
9556151112501,Habhals Kaya 240g,Breakfast Items,,3.2,0,Each,2026-07-13T19:50:47
8886345364692,HACKS CANDY 85G,Snacks,,1.3,,Each,2026-07-03 15:44:20
8901595853403,Hakka Noodles 560g,Noodles,,4.2,,Each,2026-07-03 15:44:20
8904004400762,HALDIRAM ALOO BHUJIA,Indian Snacks,,1.6,,Each,2026-07-03 15:44:20
8904004401523,HALDIRAM BHEL PURI 160G,Indian Snacks,,2.3,,Each,2026-07-03 15:44:20
8904004404449,Haldiram Boondi,Indian Snacks,,2,,Each,2026-07-03 15:44:20
8904004400151,Haldirams Plain Bhujia,Indian Snacks,,2.2,0,Each,2026-07-15T15:09:47
8885001096038,HALFTIME 5 Chill,Tobacco,,14.9,,Each,2026-07-03 15:44:20
8885001096014,HALFTIME 5 Red,Tobacco,,14.9,,Each,2026-07-03 15:44:20
6924513906175,HALLS B,Snacks,,1,,Each,2026-07-03 15:44:20
6924513906205,HALLS HL,Snacks,,1,,Each,2026-07-03 15:44:20
6924513905710,Halls Lime,Snacks,,1,0,Each,2026-07-20T11:14:05
8901030907456,Hamam Neem Oil,Personal Care,,1.3,,Each,2026-07-03 15:44:20
8901030907449,Hamam Soap 100g,Personal Care,,1.1,0,Each,2026-07-17T15:47:34
8901030672453,HAMAM SOAP 150G,Personal Care,,1.3,,Each,2026-07-03 15:44:20
4005800078316,Handplast Universal 20s,Personal Care,,2.6,0,Each,2026-07-10T19:13:06
4005800078293,Handplaster Elastic 20s,Personal Care,,2.4,0,Each,2026-07-10T19:13:28
8906081128614,Happilo kabuli Channa,Indian Provision,,2.1,,Each,2026-07-03 15:44:20
8906081120991,Happilo pumpkin seeds,Indian Snacks,,4.6,,Each,2026-07-03 15:44:20
8888090771527,HARMUNI COOKING OIL 2KG,Cooking Oil,,6.9,,Each,2026-07-03 15:44:20
8888090941043,Harmuni White Sugar 1kg,Kitchen Essentials,,2.3,0,Each,2026-07-10T15:19:10
9556111256221,HARPIC,Household Products,,2.9,,Each,2026-07-03 15:44:20
8888071124007,HARPIC FRESH LEMON 500ML,Household Products,,3.2,,Each,2026-07-03 15:44:20
H,HARPIC Lemon Zest,Household Products,,3.2,3,Each,2026-07-03 15:44:20
8888546531002,HB ALMONDS 100G,Snacks,,2.5,,Each,2026-07-03 15:44:20
8888546532504,HB Almonds 250g,Snacks,,4.9,,Each,2026-07-03 15:44:20
8888546671401,HB APPALAM 120GM,Indian Provision,,1.5,,Each,2026-07-03 15:44:20
8888546671425,HB APPALAM 60G,Indian Provision,,0.8,,Each,2026-07-03 15:44:20
8888546440038,HB Basmati Rice,Rice,,19.9,,Each,2026-07-03 15:44:20
8888546440014,HB BASMATI RICE 1KG,Rice,,4.5,,Each,2026-07-03 15:44:20
8888546771064,HB BIJI Selasih,Indian Provision,,2,,Each,2026-07-03 15:44:20
8888546321016,HB Black Cumin,Indian Provision,,1.6,,Each,2026-07-03 15:44:20
8888546500015,HB Black Pulot Rice,Rice,,5.3,,Each,2026-07-03 15:44:20
8888546900044,HB Black Puot Rice,Indian Provision,,5.4,,Each,2026-07-03 15:44:20
8888546495007,HB Black Sugar 500g,Kitchen Essentials,,2.4,,Each,2026-07-03 15:44:20
8888546460029,Hb Broken Rice 1kg,Indian Provision,,2.3,0,Each,2026-07-21T21:44:21
8888546460272,Hb Brown Rice 1kg,Rice,,3.2,0,Each,2026-07-11T21:34:25
8888546331008,HB CANDLE NUT 100G,Indian Provision,,1.5,,Each,2026-07-03 15:44:20
8888546430251,HB Cardamom,Indian Provision,,2.4,,Each,2026-07-03 15:44:20
8888546541001,HB CASHEW NUT 100G,Snacks,,2.8,,Each,2026-07-03 15:44:20
8888546542503,HB Cashews 250g,Snacks,,5.3,,Each,2026-07-03 15:44:20
8888546765018,HB Chia Seeds,Indian Provision,,2.3,,Each,2026-07-03 15:44:20
9555913602120,HB Chiffon Cake,Bakery Goods,,1,,Each,2026-07-03 15:44:20
8888546201110,HB Chilli Coarse,Indian Provision,,1.3,,Each,2026-07-03 15:44:20
8888546271007,HB Cinnamon Powder 100g,Indian Provision,,2.3,,Each,2026-07-03 15:44:20
8888546090028,HB CLOVES,Indian Provision,,1.8,,Each,2026-07-03 15:44:20
8888546381003,HB CORRIANDER SEEDS 100G,Indian Provision,,1.3,,Each,2026-07-03 15:44:20
8888546841002,HB Curd Chillies,Indian Provision,,1.5,,Each,2026-07-03 15:44:20
8888546111082,HB Dalcha Masala,Indian Provision,,1.5,,Each,2026-07-03 15:44:20
8888546010255,Hb Dosabatter,Dairy Products,,3.6,0,Each,2026-07-10T19:07:08
8888546421006,HB DRY CHILLIES 100G,Indian Provision,,2,,Each,2026-07-03 15:44:20
8888546651007,HB FENNEL SEED 100G,Indian Provision,,1.2,,Each,2026-07-03 15:44:20
8888546401251,HB FISH CURRY 125G,Indian Provision,,1.5,,Each,2026-07-03 15:44:20
8888546111037,HB Ginger Powder,Indian Provision,,1.8,,Each,2026-07-03 15:44:20
8888546460098,HB Gold Ponni 10kg,Indian Provision,,25.9,,Each,2026-07-03 15:44:20
8888546460081,HB Gold Ponni 5kg,Indian Provision,,15.9,,Each,2026-07-03 15:44:20
8888546592508,HB GREEN BEANS 250G,Indian Provision,,1.3,,Each,2026-07-03 15:44:20
8888546552502,HB Groundnut 250GM,Indian Provision,,1.6,,Each,2026-07-03 15:44:20
8888546111020,HB Kalpasi,Indian Provision,,2.4,,Each,2026-07-03 15:44:20
8888546111372,HB MAIDA 500G,Indian Provision,,1.5,,Each,2026-07-03 15:44:20
8888546745003,HB MASOOR DHALL WHOLE 500G,Indian Provision,,2.4,,Each,2026-07-03 15:44:20
8888546301254,HB MEAT CURRY 125G,Indian Provision,,1.4,,Each,2026-07-03 15:44:20
8888546371004,HB METHI SEED 100GM,Indian Provision,,1.2,,Each,2026-07-03 15:44:20
8888546622502,HB Moong Dhall 250g,Indian Provision,,1.3,,Each,2026-07-03 15:44:20
8888546871009,HB Nutmeg 100g,Indian Provision,,2.2,,Each,2026-07-03 15:44:20
HB10,HB Ponni Rice 10kg,Rice,,17.9,20.8,Each,2026-07-03 15:44:20
8888546561009,HB RAISINS 100G,Indian Provision,,1.2,,Each,2026-07-03 15:44:20
8888546562501,HB Raisins 250g,Indian Provision,,2.6,,Each,2026-07-03 15:44:20
8888546460043,HB RAW RICE 1KG,Rice,,3,,Each,2026-07-03 15:44:20
8888546855009,HB Rice Flakes 500g,Indian Provision,,2,,Each,2026-07-03 15:44:20
8888546185007,Hb Semolina 500g,Indian Provision,,1.8,0,Each,2026-07-19T14:28:24
8888546260094,HB SOUR Curry,Indian Provision,,2.3,,Each,2026-07-03 15:44:20
9555913602564,HB Steam Cake soya,Bakery Goods,,1,,Each,2026-07-03 15:44:20
9555913602601,HB Steam Cake cheese,Bakery Goods,,1,,Each,2026-07-03 15:44:20
8888546395000,HB TOOR DHAL 500 GM,Indian Provision,,2.4,,Each,2026-07-03 15:44:20
8888546615009,HB URID DHALL 500G,Indian Provision,,2,,Each,2026-07-03 15:44:20
8888546612503,HB Urid Dhall Spilit,Indian Provision,,1.3,,Each,2026-07-03 15:44:20
8888546510014,HB WHITE PULOT RICE 1KG,Rice,,2.9,,Each,2026-07-03 15:44:20
8888546795008,HB YELLOW GRAM 500G,Indian Provision,,2.1,,Each,2026-07-03 15:44:20
8888546545108,HB Yellow Sugar 250g,Kitchen Essentials,,1.5,,Each,2026-07-03 15:44:20
8888002115500,HE LEMON TEA 1.5 L,Beverages,,2.5,,Each,2026-07-03 15:44:20
8888017300014,Heineken 320ml,Beer,,2.8,,Each,2026-07-03 15:44:20
8888017390015,Heineken 490ml,Liquor,,4.2,,Each,2026-07-03 15:44:20
9300657300098,HEINZ Chilli Sauce,Condiments & Sauce,,2.4,,Each,2026-07-03 15:44:20
50457014,HEINZ Mayonnaise,Condiments & Sauce,,4.7,,Each,2026-07-03 15:44:20
9300657300012,HEINZ Tomato Ketchup,Condiments & Sauce,,2,,Each,2026-07-03 15:44:20
8888077140001,Hello Panda Caramel,Snacks,,1.3,,Each,2026-07-03 15:44:20
8888077102023,Hello Panda Choc,Bakery Goods,,1.3,0,Each,2026-07-09T21:45:04
8888077102108,Hello Panda Cocoa,Snacks,,1.3,0,Each,2026-07-11T20:54:41
8888077102092,Hello Panda Strawberry,Snacks,,1.3,0,Each,2026-07-20T19:17:23
8888077108032,Hello Panda Whiye,Snacks,,1.3,0,Each,2026-07-20T19:36:59
8906010900205,HENNA CONE,Personal Care,,1.5,,Each,2026-07-03 15:44:20
8885005273206,Herber Aloe vera,Personal Care,,4.5,,Each,2026-07-03 15:44:20
8885005273138,Herber Hand Sanitizer,Personal Care,,2.2,,Each,2026-07-03 15:44:20
HS,Heya Sim Card,Telecom,,10,0.01,Each,2026-07-03 15:44:20
8901138836092,Himalaya C care,Personal Care,,2.3,,Each,2026-07-03 15:44:20
8901138512460,Himalaya Face Wash,Personal Care,,3.8,,Each,2026-07-03 15:44:20
9555030108482,Himalaya Ginger,Snacks,,1,,Each,2026-07-03 15:44:20
9555030108659,Himalaya Honey Lime,Snacks,,1,,Each,2026-07-03 15:44:20
8901138505547,Himalaya Lemon,Personal Care,,3.8,,Each,2026-07-03 15:44:20
8901138821234,Himalaya Saffron,Personal Care,,2.9,,Each,2026-07-03 15:44:20
9555030107614,HIMALAYA SALT,Snacks,,1,,Each,2026-07-03 15:44:20
9555030107621,Himalaya Salt 12s,Snacks,,10.8,,Each,2026-07-03 15:44:20
4902505085680,HI-TECHPOINT V5 Black,General Merchandise,,2,,Each,2026-07-03 15:44:20
4902505085703,HI-TECHPOINT V5 Blue,General Merchandise,,2,,Each,2026-07-03 15:44:20
8888231501204,HK Olive Veg,Kitchen Essentials,,1.8,,Each,2026-07-03 15:44:20
8888026560317,HL BANANA MILK 1L,Marigold,,3.5,,Each,2026-07-03 15:44:20
8888026520311,HL Banana Milk 200ml,Marigold,,1.3,,Each,2026-07-03 15:44:20
8888026560218,HL CHOCHOLATE MILK 1L,Marigold,,3.5,,Each,2026-07-03 15:44:20
8888026520212,HL CHOCOLATE 200ML,Marigold,,1.3,,Each,2026-07-03 15:44:20
8888026520014,HL FRESH MILK 200ML,Marigold,,1.3,,Each,2026-07-03 15:44:20
8888026561017,Hl Plant Sterol,Marigold,,3.6,0,Each,2026-07-21T14:21:11
8888026560416,HL STRAWBERRY MILK 1L,Marigold,,3.5,,Each,2026-07-03 15:44:20
8888026520410,HL STRAWBERRY MILK 200ML,Marigold,,1.3,,Each,2026-07-03 15:44:20
8888026560010,HL Vannila Milk1L,Marigold,,3.5,,Each,2026-07-03 15:44:20
VEG04,Holland Potato,Vegetable,,2.5,0,KG,2026-07-17T15:16:11
9556854007579,Honey Rock Sugar,Kitchen Essentials,,2.2,,Each,2026-07-03 15:44:20
9556085524746,Honey& Milk,Snacks,,1.4,0,Each,2026-07-10T19:34:16
8901030807176,Horlicks,Breakfast Items,,5.9,,Each,2026-07-03 15:44:20
8901030976100,Horlicks 500g,Breakfast Items,,6.1,,Each,2026-07-03 15:44:20
8885008901410,HORSE GRAM,Indian Provision,,2.3,,Each,2026-07-03 15:44:20
8992741904315,HOTDOG,Snacks,,0.9,,Each,2026-07-03 15:44:20
8888196906311,HOUJICHA 500ML,Beverages,,1.5,,Each,2026-07-03 15:44:20
8888546131257,HOUSE BIRIYANI 125GM,Indian Provision,,1.9,,Each,2026-07-03 15:44:20
8888546731006,HOUSE BRAND BLACK PEPPER 100G,Kitchen Essentials,,2.2,,Each,2026-07-03 15:44:20
8888546315008,HOUSE BRAND CHICK PEAS 500G,Indian Provision,,2.2,,Each,2026-07-03 15:44:20
8888546240010,HOUSE BRAND IDDLY FLOUR,Indian Provision,,3.4,,Each,2026-07-03 15:44:20
8888546765001,HOUSE BRAND RED BEAN,Indian Provision,,2.6,,Each,2026-07-03 15:44:20
8888546281006,HOUSE CINNAMON STICK 100GM,Indian Provision,,1.8,,Each,2026-07-03 15:44:20
8888546501258,HOUSE CORIANDER 125GM,Indian Provision,,1.4,,Each,2026-07-03 15:44:20
8888546502507,HOUSE CORIANDER 250GM,Indian Provision,,1.9,,Each,2026-07-03 15:44:20
8888546521003,HOUSE CUMIN POWDER 100GM,Indian Provision,,1.3,,Each,2026-07-03 15:44:20
8888546321009,HOUSE CUMIN SEED 100GM,Indian Provision,,1.5,,Each,2026-07-03 15:44:20
8888546522505,HOUSE CUMIN SEED 250GM,Indian Provision,,2.5,,Each,2026-07-03 15:44:20
8888546912801,HOUSE DATES 280GM,Indian Provision,,2.8,,Each,2026-07-03 15:44:20
8888546550010,HOUSE DHALL GROUND NUT 250,Indian Provision,,1.5,,Each,2026-07-03 15:44:20
8888546402500,HOUSE FISH CURRY 250G,Indian Provision,,1.6,,Each,2026-07-03 15:44:20
8888546351006,HOUSE GARAM MASALA 100GM,Indian Provision,,1.4,,Each,2026-07-03 15:44:20
8888546555008,HOUSE GROUND NUT 500GM,Indian Provision,,2.8,,Each,2026-07-03 15:44:20
8888546815003,HOUSE JAGGERY BALL,Indian Provision,,2.5,,Each,2026-07-03 15:44:20
8888546141256,HOUSE KURUMA 125GM,Indian Provision,,1.2,,Each,2026-07-03 15:44:20
8888546415005,HOUSE MASOOR DHALL SPLIT 500 GRM,Indian Provision,,2.2,,Each,2026-07-03 15:44:20
8888546302503,HOUSE MEAT CURRY 250G,Indian Provision,,1.6,,Each,2026-07-03 15:44:20
8888546862502,HOUSE SAGO 250GM,Indian Provision,,1.2,,Each,2026-07-03 15:44:20
8888546161254,HOUSE SAMBAR 125 GM,Indian Provision,,1.7,,Each,2026-07-03 15:44:20
8888546162503,HOUSE SAMBAR 250GM,Indian Provision,,1.8,,Each,2026-07-03 15:44:20
8888546361005,HOUSE SAUCE/SPICES,Indian Provision,,1,,Each,2026-07-03 15:44:20
8888546151255,HOUSE SOUP 125GM,Indian Provision,,1.6,,Each,2026-07-03 15:44:20
8888546406041,HOUSE SPICEMIX SEED 100G,Indian Provision,,1.2,,Each,2026-07-03 15:44:20
8888546290503,HOUSE STARANI SEED 50GM,Indian Provision,,1.5,,Each,2026-07-03 15:44:20
8888546905001,HOUSE TAMARIND 500 GMS,Indian Provision,,3.1,,Each,2026-07-03 15:44:20
8888546392504,HOUSE TOOR DHALL 250G,Indian Provision,,1.4,,Each,2026-07-03 15:44:20
8888546585005,HOUSE TOOR DHALL 500G,Indian Provision,,2,,Each,2026-07-03 15:44:20
8888546111259,HOUSE TURMERIC 125GM,Indian Provision,,1.6,,Each,2026-07-03 15:44:20
8888546122507,HOUSE TURMERIC 250 G,Indian Provision,,1.6,,Each,2026-07-03 15:44:20
8888546341007,HOUSE WHITE PEPPER POWDER 100GM,Indian Provision,,1.6,,Each,2026-07-03 15:44:20
8906081128539,HP chilli Garlic,Condiments & Sauce,,2.3,,Each,2026-07-03 15:44:20
6939412907390,Hqt 7 Scissors,General Merchandise,,1.8,0,Each,2026-07-10T12:39:22
4902430397483,HS ANTI HAIRFAIL,Personal Care,,5.5,,Each,2026-07-03 15:44:20
4902430408011,HS Apple Fresh,Personal Care,,5.5,,Each,2026-07-03 15:44:20
4902430400671,HS CLEAN & BALANCED 330ML,Personal Care,,5.5,,Each,2026-07-03 15:44:20
4902430411776,HS COOL MENTHOL 330ML,Tobacco,,5.5,,Each,2026-07-03 15:44:20
9556085302931,Hs Cream Cracker 225g,,,2.9,0,Each,2026-07-09T12:10:32
4902430397827,HS SMOOTH & SILKY 330ML,Personal Care,,5.5,,Each,2026-07-03 15:44:20
8887447090427,HUNTER C Adhesive,General Merchandise,,2.9,,Each,2026-07-03 15:44:20
9556085729738,Hup Seng Assorted,Snacks,,3.1,0,Each,2026-07-22T13:53:13
9556085548735,Hup Seng Butter Cookies,Snacks,,1.5,0,Each,2026-07-21T19:37:21
9556085501754,Hup Seng Sugar Biscuits,Bakery Goods,,2.9,0,Each,2026-07-14T18:29:42
9556085304935,Hup Seng Wheat Crackers,Bakery Goods,,2.9,0,Each,2026-07-13T13:24:20
8886345365118,HYH ASSAM,Snacks,,1.3,,Each,2026-07-03 15:44:20
366511,Hyh Ba La Long,Snacks,,1.3,0,Each,2026-07-18T13:37:59
8886345366511,HYH BA LONG LONG,Snacks,,1.3,,Each,2026-07-03 15:44:20
8886345364029,HYH CUTTLEFISH,Snacks,,2,,Each,2026-07-03 15:44:20
8886345365064,HYH DEHYDRATED GUVA 90GM,Snacks,,1.2,,Each,2026-07-03 15:44:20
8886345364562,HYH Fishcracker,Snacks,,2,,Each,2026-07-03 15:44:20
8886345365002,HYH LIQUORICE PLUM 95GM,Snacks,,1.3,,Each,2026-07-03 15:44:20
8886345367358,HYH Mandarin Pell,Snacks,,1.3,,Each,2026-07-03 15:44:20
8886345364715,HYH MEI GUI TAO TIAO 90GM,Snacks,,1.3,,Each,2026-07-03 15:44:20
8886345364678,HYH PITTEDSEEDLESS 90GM,Snacks,,1.3,,Each,2026-07-03 15:44:20
8886345365026,HYH PLUM 120GM,Snacks,,1.3,,Each,2026-07-03 15:44:20
8886345365125,HYH PLUM SLICE 90G,Snacks,,1.3,,Each,2026-07-03 15:44:20
8886345362742,HYH Pop Corn,Snacks,,2,,Each,2026-07-03 15:44:20
8886345364555,HYH Prawn Cracker,Snacks,,2,,Each,2026-07-03 15:44:20
8886345364869,HYH ROSE PLUM 90GM,Snacks,,1.3,,Each,2026-07-03 15:44:20
8886345365316,HYH Satay Beans,Snacks,,1.3,,Each,2026-07-03 15:44:20
8886345364937,Hyh Seedless Prune,Snacks,,1.3,0,Each,2026-07-09T12:58:10
8886345364876,HYH SWEET PLUM,Snacks,,1.3,,Each,2026-07-03 15:44:20
8886345362018,HYH Veg Cracker,Snacks,,2,,Each,2026-07-03 15:44:20
8886345364791,HYH WHITE PLUM 90GM,Snacks,,1.3,,Each,2026-07-03 15:44:20
8904013000014,IASBGOL 100ml,Personal Care,,3.8,,Each,2026-07-03 15:44:20
I,Ice Cream,Ice Cream,,0.1,0,Each,2026-07-04T14:59:54
8888200713386,Ice Cream Soda 1.5l,Beverages,,2.5,0,Each,2026-07-12T21:15:00
8888200713584,Ice Cream Soda 500ml,Beverages,,1.6,0,Each,2026-07-14T18:25:53
8888200700294,ICE LEMON TEA,Beverages,,1,,Each,2026-07-03 15:44:20
8888200717186,Ice Mountain 1.5l,Beverages,,1.5,0,Each,2026-07-20T11:13:23
8888200702717,Ice Mountain 1.5L 12s,Beverages,,10.9,,Each,2026-07-03 15:44:20
8888200702823,Ice Mountain 500ml 24s,Beverages,,10.9,,Each,2026-07-03 15:44:20
8888200717216,Ice Mountain 600ml,Beverages,,1,0,Each,2026-07-09T21:19:08
9556001289339,ICED MILO 500ML,Beverages,,2.3,1.5,Each,2026-07-03 15:44:20
9556001097224,Icy Grape,Ice Cream,,0.9,,Each,2026-07-03 15:44:20
8904001800237,IDHAYAM OIL 1L,Cooking Oil,,10.9,,Each,2026-07-03 15:44:20
8904001800282,IDHAYAM OIL 200ML,Cooking Oil,,2.9,,Each,2026-07-03 15:44:20
8904001800268,IDHAYAM OIL 500ML,Cooking Oil,,6.6,,Each,2026-07-03 15:44:20
8904001800220,IDHAYAM SESAME OIL 2L,Cooking Oil,,20.9,,Each,2026-07-03 15:44:20
089686180640,IDM Fried Noodles,Noodles,,2.5,,Each,2026-07-03 15:44:20
089686171686,IDM Hot & Spicy,Noodles,,2.5,,Each,2026-07-03 15:44:20
089686180626,IDM Original,Noodles,,2.5,,Each,2026-07-03 15:44:20
089686171624,IDM Rendang,Noodles,,2.5,,Each,2026-07-03 15:44:20
089686182033,IDM Soto Soup Noodles,Noodles,,2.5,,Each,2026-07-03 15:44:20
8994963003623,IDM Spicy Red Curry,Noodles,,2.5,,Each,2026-07-03 15:44:20
690225101172,IG CLASSIC 1KG,Rice,,5.4,,Each,2026-07-03 15:44:20
690225103176,IG CLASSIC 5 KG,Rice,,23.6,,Each,2026-07-03 15:44:20
690225103633,IG Feast Rozzana 5kg,Rice,,16.9,,Each,2026-07-03 15:44:20
690225105163,IG Premium 1KG,Rice,,4.2,,Each,2026-07-03 15:44:20
690225105187,IG Premium 5KG,Rice,,19.6,,Each,2026-07-03 15:44:20
690225108416,IG Super 1kg,Rice,,4.2,,Each,2026-07-03 15:44:20
690225108423,IG Super 5kg,Rice,,19.6,,Each,2026-07-03 15:44:20
9556207190019,Ikan Bilis & Nuts,Snacks,,3.8,,Each,2026-07-03 15:44:20
8886378606011,IKANKERING 150GM,Indian Provision,,2.5,,Each,2026-07-03 15:44:20
8718114233000,Impulse Glamour,Personal Care,,2.9,,Each,2026-07-03 15:44:20
8717163058015,Impulse Musk,Personal Care,,2.9,,Each,2026-07-03 15:44:20
8712561228985,Impulse Surprised,Personal Care,,2.9,,Each,2026-07-03 15:44:20
8902979027137,Indica Hair Color,Personal Care,,2,,Each,2026-07-03 15:44:20
8902979009683,Indica Hair Color 12s,Personal Care,,9.8,,Each,2026-07-03 15:44:20
9311931081022,INDOCAFE 3IN1,Breakfast Items,,5.4,,Each,2026-07-03 15:44:20
089686180657,Indomie Cup,Noodles,,1.3,,Each,2026-07-03 15:44:20
089686010947,INDOMIE MIGORENG 4PCS,Noodles,,2.8,,Each,2026-07-03 15:44:20
9555050305113,INDOMIE MIGORENG 5X85G,Noodles,,2.8,,Each,2026-07-03 15:44:20
9556174802250,INSTANT OATMEAL 900GM,Breakfast Items,,5.9,,Each,2026-07-03 15:44:20
89006245,IODEX,Personal Care,,2.1,,Each,2026-07-03 15:44:20
8886419711735,IPLAY RED,Tobacco,,15,,Each,2026-07-03 15:44:20
3574669908092,J Baby Lotion,Personal Care,,4.9,,Each,2026-07-03 15:44:20
9556121027040,J Finger Lemon,Snacks,,2.3,,Each,2026-07-03 15:44:20
9556121003884,J LL Chocolate,Snacks,,3.1,,Each,2026-07-03 15:44:20
9556121003976,J LL Strawberry,Snacks,,3.1,,Each,2026-07-03 15:44:20
8888075046145,J Series LBlue,Tobacco,,14.5,,Each,2026-07-03 15:44:20
8888075069175,J Series M Boost,Tobacco,,14.5,0,Each,2026-07-10T19:48:35
8888075033756,J Series MBoost,Tobacco,,13.4,,Each,2026-07-03 15:44:20
8888075068901,J Series Purple Boost Extra,Tobacco,,14.5,,Each,2026-07-03 15:44:20
8888075030052,J Series Red,Tobacco,,14.5,,Each,2026-07-03 15:44:20
8888075046138,J Series Red XL,Tobacco,,14.5,,Each,2026-07-03 15:44:20
9556196101676,J&J BBQ 70G,Snacks,,1.8,,Each,2026-07-03 15:44:20
4800016643095,J&J CHIPPY 110G,Snacks,,1.3,,Each,2026-07-03 15:44:20
9556196101683,J&J CHIPS S.ONION 70G,Snacks,,1.8,,Each,2026-07-03 15:44:20
9556196101690,J&J P CHIPS CHILLI 70G,Snacks,,1.8,,Each,2026-07-03 15:44:20
082184090473,Jack Daniels 700ml,Liquor,,59,0,Each,2026-07-16T15:15:32
4067700015600,JAGERMEI STER,Liquor,,45,,Each,2026-07-03 15:44:20
8886456602072,JAGGERY CUBE 500GM,Kitchen Essentials,,1.7,,Each,2026-07-03 15:44:20
8886456602065,JAGGERY ROUND 500G,Kitchen Essentials,,1.7,,Each,2026-07-03 15:44:20
5011007003005,JAMESON,Liquor,,59,,Each,2026-07-03 15:44:20
8888279103064,JAPNESE CHEESE CURRY,Noodles,,2.5,,Each,2026-07-03 15:44:20
8888231114015,JASMINE F RICE 5KG,Rice,,9.9,,Each,2026-07-03 15:44:20
9300727548122,JB Shiraz,Liquor,,8.5,,Each,2026-07-03 15:44:20
9300727508003,JC MERLOT,Liquor,,25.9,,Each,2026-07-03 15:44:20
9300727009869,JC Shiraz,Liquor,,9.1,,Each,2026-07-03 15:44:20
9300727488190,JC SHIRAZ 700 cl,Liquor,,25.9,,Each,2026-07-03 15:44:20
9300727488176,JC Shiraz 750cl,Liquor,,25.9,,Each,2026-07-03 15:44:20
4891599338393,JDB Herbal Tea,Beverages,,1,,Each,2026-07-03 15:44:20
4891599847680,JDB Herbal Tea 300ml,Beverages,,1,,Each,2026-07-03 15:44:20
8885002892042,Jeera Samba Rice,Rice,,4.9,,Each,2026-07-03 15:44:20
8881304323727,JHP 7PA,Household Products,,4.6,,Each,2026-07-03 15:44:20
8881304323734,JHP 9PA,Household Products,,5.8,,Each,2026-07-03 15:44:20
8881304323680,JHP MC7PP,Household Products,,3.8,,Each,2026-07-03 15:44:20
8881304323697,JHP MC9PP,Household Products,,5,,Each,2026-07-03 15:44:20
8888589338835,Jia Jia,Beverages,,1,,Each,2026-07-03 15:44:20
8888589311418,Jia Jia Zero Sugar 300ml,Beverages,,1,,Each,2026-07-03 15:44:20
8888589363011,Jia Jia Zero Sugar 500ml,Beverages,,1.8,,Each,2026-07-03 15:44:20
8934868145332,Jif,Household Products,,2.2,,Each,2026-07-03 15:44:20
5060045586322,JIM BEAM 200cl,Liquor,,14.5,,Each,2026-07-03 15:44:20
080686001607,JIM BEAM 375ml,Liquor,,26,,Each,2026-07-03 15:44:20
080686000365,JIM BEAM 700cl Whiskey,Liquor,,47,,Each,2026-07-03 15:44:20
080686000389,JIM BEAM 700cl Bourbon,Liquor,,47,,Each,2026-07-03 15:44:20
8801048921102,JINRO G Grape,Liquor,,9.9,,Each,2026-07-03 15:44:20
8801048951000,JINRO Original,Liquor,,10.9,,Each,2026-07-03 15:44:20
8801048181292,JINRO Peach,Liquor,,9.9,,Each,2026-07-03 15:44:20
8801048178308,JINRO Plum,Liquor,,9.9,,Each,2026-07-03 15:44:20
8801048178018,JINRO Strawberry,Liquor,,9.9,,Each,2026-07-03 15:44:20
8850007030744,JJ Baby Lotion P,Personal Care,,2.3,,Each,2026-07-03 15:44:20
9556006000212,JJ Baby Lotion B,Personal Care,,3.9,,Each,2026-07-03 15:44:20
8850007060338,JJ Baby Oil 300ml,Personal Care,,5.2,,Each,2026-07-03 15:44:20
8850007015222,JJ Baby Powder 200g,Personal Care,,3.9,,Each,2026-07-03 15:44:20
8888589425016,JJ Bandung 500ml,Beverages,,1.8,,Each,2026-07-03 15:44:20
9556196102086,JJ Calbe Classic,Snacks,,1.8,,Each,2026-07-03 15:44:20
9556196102093,JJ Calbee BBQ,Snacks,,1.8,,Each,2026-07-03 15:44:20
9556196102109,JJ Calbee Chilli,Snacks,,1.8,,Each,2026-07-03 15:44:20
9556196102758,JJ Calbee SC Onion,Snacks,,1.8,,Each,2026-07-03 15:44:20
8888589361116,Jj Herbal Tea,Beverages,,1.8,0,Each,2026-07-13T12:45:00
8888589361017,JJ Herbal Tea 500g,Beverages,,1.8,,Each,2026-07-03 15:44:20
8888589311111,JJ Herbbal Tea LS,Beverages,,1.1,,Each,2026-07-03 15:44:20
9556196000801,JJ POTATO CHIPS 180GM  S,Snacks,,3.4,,Each,2026-07-03 15:44:20
9556196000856,JJ POTATO CHIPS 180GM BBQ,Snacks,,3.4,,Each,2026-07-03 15:44:20
9556196002027,JJ POTATO CHIPS 180GM SC,Snacks,,3.4,,Each,2026-07-03 15:44:20
9556006294956,JJ Powder 200g,Personal Care,,3.2,,Each,2026-07-03 15:44:20
8888589420011,JJ Rose Milk,Beverages,,1.2,,Each,2026-07-03 15:44:20
8888589420004,JJ Rose milk 24s,Beverages,,21.5,,Each,2026-07-03 15:44:20
9556196102185,JJ SEAWEED CHIPS 70G,Snacks,,1.8,,Each,2026-07-03 15:44:20
8851096060018,Juicy Drop pop,Snacks,,2.8,,Each,2026-07-03 15:44:20
9556121000234,Julies Butter Cracker,Bakery Goods,,2.9,0,Each,2026-07-15T12:04:12
9556121024025,Julies C Sandwich,Snacks,,2.2,,Each,2026-07-03 15:44:20
9556121000128,Julies Cheese,Snacks,,1.6,,Each,2026-07-03 15:44:20
9556121022496,Julies Lemon,Bakery Goods,,3.1,0,Each,2026-07-09T16:32:40
9556121026463,Julies Lemond,Snacks,,3.1,,Each,2026-07-03 15:44:20
9556121026111,Julies OAT 25,Snacks,,3.1,,Each,2026-07-03 15:44:20
9556121001859,Julies P Sandwich,Snacks,,2.3,,Each,2026-07-03 15:44:20
9556121000333,Julis Wheat Crackers,Snacks,,2.9,,Each,2026-07-03 15:44:20
5000267024608,JW BLACK LABEL 37.5cl,Liquor,,34.5,,Each,2026-07-03 15:44:20
5000267024202,JW Black Label 700cl,Liquor,,62,,Each,2026-07-03 15:44:20
5000267015200,JW RED LABEL 20cl,Liquor,,14.9,,Each,2026-07-03 15:44:20
5000267014609,Jw Red Label 37.5cl,Liquor,,26.9,0,Each,2026-07-16T15:11:39
5000267014807,JW Red Label 375cl,Liquor,,27.3,,Each,2026-07-03 15:44:20
5000267014203,JW Red Label 700cl,Liquor,,49,,Each,2026-07-03 15:44:20
8888599010424,K Bread Crumbs,Bakery Goods,,2.2,,Each,2026-07-03 15:44:20
084501110512,K G CREAM CRACKERS,Snacks,,2.5,,Each,2026-07-03 15:44:20
9555615101075,K Mooligai,Poojai Items,,2.9,,Each,2026-07-03 15:44:20
8888001742219,K Tangy Mango,Beverages,,1.5,,Each,2026-07-03 15:44:20
8888217258207,Kafera Raw Cane Sugar,Kitchen Essentials,,3.9,,Each,2026-07-03 15:44:20
8885008902158,KALPASI,Indian Provision,,1.2,,Each,2026-07-03 15:44:20
8888491008000,Kampong Eggs,Egg,,4.4,,Each,2026-07-03 15:44:20
8888331633003,KAO COLOURS BLEACH 2L,Household Products,,6,,Each,2026-07-03 15:44:20
8888331632006,KAO COLOURS WIDE BLEACH 1L,Household Products,,3.9,,Each,2026-07-03 15:44:20
8886303210504,Kara 500ml,Kitchen Essentials,,2.8,0,Each,2026-07-10T15:19:32
8886303211006,KARA COCONUT 1L,Cooking Oil,,5.7,,Each,2026-07-03 15:44:20
8886303210207,Kara Coconut Milk 200ml,Kitchen Essentials,,1.2,0,Each,2026-07-10T11:34:34
8902979026710,KARTHIKA POWDER 180G,Personal Care,,1.8,,Each,2026-07-03 15:44:20
8888546871016,kathira 100G,Personal Care,,2.8,,Each,2026-07-03 15:44:20
9556587323106,Kawan Chapatti 8s,Frozen Food,,2.9,,Each,2026-07-03 15:44:20
9556587988107,Kawan Paratha 5s,Frozen Food,,2.9,,Each,2026-07-03 15:44:20
8906002900169,KAYAKALP Soap,Personal Care,,1.2,,Each,2026-07-03 15:44:20
8851183101730,KB Chocolate V,Snacks,,1,,Each,2026-07-03 15:44:20
8851183101785,KB Grape,Snacks,,1,,Each,2026-07-03 15:44:20
8851183101747,KB Strawberry P,Snacks,,1,,Each,2026-07-03 15:44:20
9555913602533,Kek Tart,Bakery Goods,,1.2,,Each,2026-07-03 15:44:20
279872,Kent Blue,Tobacco,,17.9,,Each,2026-07-03 15:44:20
8885014500249,KEORA Baby Wipes,Personal Care,,2.9,,Each,2026-07-03 15:44:20
084501644314,KG Assorted 300G,Snacks,,3.7,,Each,2026-07-03 15:44:20
084501446314,KG B COCONUT 200G,Snacks,,2.7,,Each,2026-07-03 15:44:20
084501139513,KG BANANA 200G,Snacks,,2.8,,Each,2026-07-03 15:44:20
084501621612,KG BUTTER COOKIES 454G,Snacks,,8.4,,Each,2026-07-03 15:44:20
084501120313,KG Cheese Crackers,Snacks,,2.5,,Each,2026-07-03 15:44:20
084501835514,KG CHOCO WAFERS,Snacks,,2.3,,Each,2026-07-03 15:44:20
084501224318,KG Cookies n Cream,Snacks,,3.6,,Each,2026-07-03 15:44:20
084501138318,KG Cream Crackers,Snacks,,2.5,,Each,2026-07-03 15:44:20
084501222314,KG CREAMY CHOCO.200G,Snacks,,2.2,,Each,2026-07-03 15:44:20
084501532314,KG CUSTARD CREAM 200G,Snacks,,2.8,,Each,2026-07-03 15:44:20
084501032319,KG FANCY GEMS 110G,Snacks,,2.3,,Each,2026-07-03 15:44:20
084501283315,KG LEMON PUFF,Snacks,,3.6,,Each,2026-07-03 15:44:20
084501230319,KG Peanut Cream,Snacks,,2.6,,Each,2026-07-03 15:44:20
084501404314,KG Premium Marie,Snacks,,3,,Each,2026-07-03 15:44:20
084501637613,KG ROSE,Snacks,,9.3,,Each,2026-07-03 15:44:20
084501429317,KG S MARIE 225G,Snacks,,2.4,,Each,2026-07-03 15:44:20
084501814311,KG SULTANA 200G,Snacks,,3.2,,Each,2026-07-03 15:44:20
084501649616,KG Top Choice,Snacks,,12.9,,Each,2026-07-03 15:44:20
8888001427253,KICKAPOO,Beverages,,1,,Each,2026-07-03 15:44:20
8888001427314,KICKAPOO 1.5L,Beverages,,2.5,,Each,2026-07-03 15:44:20
8888001427291,KICKAPOO JOY JUICE 500ML,Beverages,,1.5,,Each,2026-07-03 15:44:20
8888001742417,KICKAPOO Mango,Beverages,,2.5,,Each,2026-07-03 15:44:20
8888267205008,Kim Poh Dishwash,Household Products,,5.9,,Each,2026-07-03 15:44:20
95505336,KIMBALL THAI CHILI,Condiments & Sauce,,2.3,,Each,2026-07-03 15:44:20
6920238090106,Kimchi Nongshim,Noodles,,5.5,0,Each,2026-07-13T19:27:11
4710145211037,Kimchi Ramen 6s,Noodles,,6.2,,Each,2026-07-03 15:44:20
8801073212398,Kimchi Ramen Bowl,Noodles,,2.1,,Each,2026-07-03 15:44:20
8000500454091,Kinder b Dark,Snacks,,2.8,,Each,2026-07-03 15:44:20
8000500066027,Kinder Bueno Dc,Snacks,,2.8,0,Each,2026-07-11T13:39:32
80761761,KINDER BUENO White,Snacks,,2.8,,Each,2026-07-03 15:44:20
8000500075708,Kinder Joy 3s,Snacks,,7.5,,Each,2026-07-03 15:44:20
80974482,Kinder Joy,Snacks,,2.6,,Each,2026-07-03 15:44:20
80768258,KINDER JOY 20G,Snacks,,2.6,,Each,2026-07-03 15:44:20
8000500126325,Kinder JOY G,Snacks,,7.5,,Each,2026-07-03 15:44:20
8888017995036,Kingfisher Beer,Beer,,4.3,0,Each,2026-07-20T22:17:57
8888300281013,Kirei Kirei Refill Peach,Personal Care,,2.5,,Each,2026-07-03 15:44:20
8888300281068,Kirei Kirei Refill,Personal Care,,2.5,,Each,2026-07-03 15:44:20
8888300281051,Kirei M Peach,Personal Care,,3.9,,Each,2026-07-03 15:44:20
8888300281006,Kirei Natural Citrus,Personal Care,,3.9,,Each,2026-07-03 15:44:20
8901030831690,Kissan Jam,Breakfast Items,,2.9,,Each,2026-07-03 15:44:20
95502489,KIT KAT 2F,Snacks,,0.6,,Each,2026-07-03 15:44:20
9556001198839,Kit Kat Chunky,Snacks,,1.5,,Each,2026-07-03 15:44:20
9556001333056,Kit Kat Gold,Ice Cream,,2.6,0,Each,2026-07-09T14:57:43
9556001670700,KITKAT 4F,Snacks,,1.2,,Each,2026-07-03 15:44:20
3800020456293,KITKAT CHUNKY 40G,Snacks,,1.5,,Each,2026-07-03 15:44:20
9556001316530,KitKat Milo,Breakfast Items,,1.5,,Each,2026-07-03 15:44:20
9556001302069,KitKat Pink,Ice Cream,,3.3,,Each,2026-07-03 15:44:20
9556001311276,KitKat UZU,Ice Cream,,3.3,,Each,2026-07-03 15:44:20
8904271201116,KIWI Instant Polish,Household Products,,3.9,,Each,2026-07-03 15:44:20
8888179081752,KK Mixed Veg 1kg,Frozen Food,,2.9,,Each,2026-07-03 15:44:20
8888336014654,Kleenex 3fly,Household Products,,6.8,0,Each,2026-07-21T18:52:30
8902246000337,KNOCK OUT BEER 500ML,Beer,,4,,Each,2026-07-03 15:44:20
9556024710704,Knor chicken,Kitchen Essentials,,1.8,,Each,2026-07-03 15:44:20
9556126638463,KNOR HAO CHI 100G,Kitchen Essentials,,1.9,,Each,2026-07-03 15:44:20
9556126667319,Knorr Ayam,Kitchen Essentials,,2.4,,Each,2026-07-03 15:44:20
9556024704857,Knorr Ayam Chicken,Kitchen Essentials,,3.4,,Each,2026-07-03 15:44:20
8888086776550,KNORR BEEF 60G,Kitchen Essentials,,2,,Each,2026-07-03 15:44:20
9556024710612,Knorr C&Mushroom,Kitchen Essentials,,3.8,,Each,2026-07-03 15:44:20
8850144231387,Knorr Cheese,Kitchen Essentials,,1.9,,Each,2026-07-03 15:44:20
9556024710636,Knorr Chicken,Kitchen Essentials,,3.8,,Each,2026-07-03 15:44:20
9556024710711,Knorr Chicken Small,Kitchen Essentials,,1.9,,Each,2026-07-03 15:44:20
9556024707315,Knorr Chicken Stock,Kitchen Essentials,,2,0,Each,2026-07-10T11:08:45
8888086776574,KNORR IKAN BILIS,Kitchen Essentials,,2,,Each,2026-07-03 15:44:20
9556126667333,Knorr Ms Potato Cheese,Noodles,,2.2,,Each,2026-07-03 15:44:20
9556126667326,Knorr Ms Potato Mushroom,Noodles,,2.4,,Each,2026-07-03 15:44:20
9556024710698,Knorr Mushroom,Kitchen Essentials,,1.9,,Each,2026-07-03 15:44:20
8888086776581,Knorr Tom Yam,Kitchen Essentials,,2.1,,Each,2026-07-03 15:44:20
8888086784647,Knorr Veg,Kitchen Essentials,,2,,Each,2026-07-03 15:44:20
8885008901076,KODO Millet,Indian Provision,,2.4,,Each,2026-07-03 15:44:20
4903301244813,KODOMO Cooling Adhesive,Personal Care,,5.9,,Each,2026-07-03 15:44:20
4987072062111,KOOLFEVER 0-2,Personal Care,,4.6,,Each,2026-07-03 15:44:20
4987072030868,KOOLFEVER CH,Personal Care,,5.9,,Each,2026-07-03 15:44:20
8996001330739,KOPIKO Cappucino,Snacks,,1.6,,Each,2026-07-03 15:44:20
8996001330722,KOPIKO Coffee,Breakfast Items,,1.6,,Each,2026-07-03 15:44:20
8888336016900,Kotec 28CM 14pads,Personal Care,,4.6,,Each,2026-07-03 15:44:20
8888336016764,Kotex 28cm,Personal Care,,6.9,,Each,2026-07-03 15:44:20
8888336026084,Kotex 32CM,Personal Care,,4.6,,Each,2026-07-03 15:44:20
8888336019710,KOTEX ON 28CM 14S,Personal Care,,3.8,,Each,2026-07-03 15:44:20
8888336019611,KOTEX OVERNIGHT  12,Personal Care,,3.6,,Each,2026-07-03 15:44:20
8888336026299,KOTEX OVERNIGHT 32CM,Personal Care,,3.5,,Each,2026-07-03 15:44:20
9555615100627,Kumbam lavender,Poojai Items,,2.9,,Each,2026-07-03 15:44:20
9555615100542,KUMBAM OMAM WATER 300ML,Poojai Items,,1,,Each,2026-07-03 15:44:20
9555615100924,KUMBAM SAMBRANI,Poojai Items,,1.8,,Each,2026-07-03 15:44:20
9555615100597,KUMBAM SAMBRANI BIG,Poojai Items,,2.9,,Each,2026-07-03 15:44:20
9555615100580,KUMBAM Sandal,Poojai Items,,2.9,,Each,2026-07-03 15:44:20
8887380020031,KUNING RED,Cooking Oil,,2,,Each,2026-07-03 15:44:20
8886378608008,KURAU DRY FISH 200G,Indian Provision,,5.8,,Each,2026-07-03 15:44:20
8888640000022,KWT Herbal Tea,Beverages,,1.2,,Each,2026-07-03 15:44:20
5052197037654,KY Jelly 50g,Personal Care,,6.4,,Each,2026-07-03 15:44:20
8720608616558,L Latte Less Sugar,Breakfast Items,,6.9,,Each,2026-07-03 15:44:20
6908594419021,L SGaurd 35cm 8b,Personal Care,,3.6,,Each,2026-07-03 15:44:20
6908594414026,L SGaurd Slim 22.5cm 20b,Personal Care,,4.2,,Each,2026-07-03 15:44:20
8886461600902,L Toilet Brush,Household Products,,2.6,,Each,2026-07-03 15:44:20
8886461601534,L UMBRELLA,Household Products,,6.9,,Each,2026-07-03 15:44:20
8886461600858,L Yellow Scurb M,Household Products,,1.4,,Each,2026-07-03 15:44:20
88823324,L&M BLUE,Tobacco,,16.5,,Each,2026-07-03 15:44:20
88823607,L&M CHILL MENTHOL,Tobacco,,16.6,,Each,2026-07-03 15:44:20
88823706,L&M ELECTRO BLAST,Tobacco,,16.6,,Each,2026-07-03 15:44:20
88823362,L&M FAST FORWARD,Tobacco,,16.6,,Each,2026-07-03 15:44:20
76164163,L&M Green,Tobacco,,16.6,,Each,2026-07-03 15:44:20
76164149,L&M RED,Tobacco,,16.6,,Each,2026-07-03 15:44:20
6972830530146,Laoban T22,Household Products,,1.5,,Each,2026-07-03 15:44:20
8992727002714,Laurier Active Day 30s,Personal Care,,3.4,0,Each,2026-07-17T21:25:52
8851818097803,Laurier Gathers 40cm,Personal Care,,3.6,,Each,2026-07-03 15:44:20
8851818936812,Laurier RN 30cm,Personal Care,,3.4,,Each,2026-07-03 15:44:20
8992727003094,Laurier RN 35cm,Personal Care,,4.1,,Each,2026-07-03 15:44:20
6908594417034,Laurier SGaurd,Personal Care,,4.9,,Each,2026-07-03 15:44:20
8901751432824,Lavender,Household Products,,4.6,,Each,2026-07-03 15:44:20
1200108000363,Lays Barbecue,Snacks,,5.4,,Each,2026-07-03 15:44:20
1200108000042,Lays Classic 82g,Snacks,,5.4,,Each,2026-07-03 15:44:20
8901491001052,Lays Classic,Snacks,,1.8,,Each,2026-07-03 15:44:20
8901491001076,Lays Cream&Onion,Snacks,,1.8,,Each,2026-07-03 15:44:20
1200108002060,Lays H&Spicy,Snacks,,5.4,,Each,2026-07-03 15:44:20
1200108002138,Lays Nori Seaweed,Snacks,,5.4,,Each,2026-07-03 15:44:20
1200108000608,Lays SC Onion,Snacks,,5.4,,Each,2026-07-03 15:44:20
4033100013348,LD BLUE LONGS,Tobacco,,16,,Each,2026-07-03 15:44:20
4033100089657,LD COOL BLAST,Tobacco,,16.6,,Each,2026-07-03 15:44:20
4033100022487,LD FROZEN BLAST,Tobacco,,14.1,,Each,2026-07-03 15:44:20
4033100042171,Ld Frozen Zoom,Tobacco,,14.7,0,Each,2026-07-10T12:09:39
8885004830028,L-D LIGHTS,Tobacco,,16.6,,Each,2026-07-03 15:44:20
8885004830042,L-D MENTHOL,Tobacco,,16.6,,Each,2026-07-03 15:44:20
59042716,LD MENTHOL L,Tobacco,,16,,Each,2026-07-03 15:44:20
8885004830004,L-D RED,Tobacco,,16.6,,Each,2026-07-03 15:44:20
4033100013324,LD Red L 10s,Tobacco,,157,,Each,2026-07-03 15:44:20
4033100013317,LD RED LONGS,Tobacco,,16,,Each,2026-07-03 15:44:20
3500610159169,LE ROI Red Wine,Liquor,,19,,Each,2026-07-03 15:44:20
9300645111125,Leggos Bolognese Tomato Garlic,Condiments & Sauce,,4.9,,Each,2026-07-03 15:44:20
9300645111187,Leggos Bolognese Mushroom Tomato,Condiments & Sauce,,4.9,,Each,2026-07-03 15:44:20
VEG05,Lemon,Vegetable,,9,0,KG,2026-07-17T15:16:11
9555589215112,Lemon Water 320ml,Beverages,,1.6,,Each,2026-07-03 15:44:20
8997009510116,Lemon Water 500ml,Beverages,,2,,Each,2026-07-03 15:44:20
8888200705534,Lemonade,Beverages,,1,,Each,2026-07-03 15:44:20
8886461601558,Leopad,Household Products,,9.9,,Each,2026-07-03 15:44:20
8886461600315,Leopad Mop,Household Products,,3.9,3.9,Each,2026-07-03 15:44:20
8886461601541,Leopad Umbrella,Household Products,,7.9,,Each,2026-07-03 15:44:20
8886461600223,LEOPARD Item 1,Household Products,,3.9,,Each,2026-07-03 15:44:20
8886461601138,LEOPARD Item 2,Household Products,,1.2,,Each,2026-07-03 15:44:20
8886461600056,LEOPARD BROOM Type 1,Household Products,,3.2,,Each,2026-07-03 15:44:20
8886461600087,LEOPARD BROOM Type 2,Household Products,,3.2,,Each,2026-07-03 15:44:20
8886461600100,LEOPARD BROOM Type 3,Household Products,,3.3,,Each,2026-07-03 15:44:20
8886461600230,LEOPARD BROOM Type 4,Household Products,,3.5,,Each,2026-07-03 15:44:20
8886461600322,LEOPARD Mop,Household Products,,5.4,,Each,2026-07-03 15:44:20
840222000149,Lg Asafoetida 50g,,,2.1,0,Each,2026-07-09T21:11:03
8999999028817,Lifebouy Cool Fresh,Personal Care,,3.5,,Each,2026-07-03 15:44:20
8999999028862,Lifebouy Lemon Fresh,Personal Care,,3.7,,Each,2026-07-03 15:44:20
8999999007607,Lifebouy Moisture Plus,Personal Care,,7.2,,Each,2026-07-03 15:44:20
8999999045920,Lifebouy Total 10,Personal Care,,3.5,,Each,2026-07-03 15:44:20
8999999028831,Lifebouy Total10,Personal Care,,3.6,,Each,2026-07-03 15:44:20
8999999045913,Lifebuoy,Personal Care,,3.5,,Each,2026-07-03 15:44:20
8999999001483,Lifebuoy Active Fresh,Personal Care,,2.9,,Each,2026-07-03 15:44:20
8901030731457,Lifebuoy HSoap,Personal Care,,2.3,,Each,2026-07-03 15:44:20
8999999586645,Lifebuoy Lemon,Personal Care,,2.9,,Each,2026-07-03 15:44:20
8999999030148,Lifebuoy Total 10,Personal Care,,7.2,0,Each,2026-07-16T11:13:05
9555469700387,Light Zone,Household Products,,2.6,,Each,2026-07-03 15:44:20
6972662650753,Lighter,General Merchandise,,1.5,,Each,2026-07-03 15:44:20
L,Lighter O,General Merchandise,,0.1,0,Each,2026-07-04T15:03:15
9550030020550,Lighter Refill,General Merchandise,,2.6,,Each,2026-07-03 15:44:20
8901764051258,Limca,Beverages,,1.5,,Each,2026-07-03 15:44:20
8888626004259,Lime Water,Kitchen Essentials,,1.2,,Each,2026-07-03 15:44:20
9556305555727,Lingam 155ml,Indian Provision,,3.8,,Each,2026-07-03 15:44:20
9556305556847,Lingam 240ml,Indian Provision,,5.5,,Each,2026-07-03 15:44:20
9556305555819,Lingam 635ml,Indian Provision,,10.6,,Each,2026-07-03 15:44:20
9556018000064,Lingam Chilli Sauce,Condiments & Sauce,,3.6,0,Each,2026-07-12T19:11:11
9556305555642,Lingam Murukku Floor 500GM,Indian Snacks,,3.2,,Each,2026-07-03 15:44:20
8906006722194,Lion Arabian Dates,Indian Provision,,3.6,,Each,2026-07-03 15:44:20
8906006720077,LION DATES 250GM,Indian Provision,,2.8,,Each,2026-07-03 15:44:20
8906006720145,Lion Desert King,Indian Provision,,3.2,,Each,2026-07-03 15:44:20
8906006720084,LION SEEDLESS 500G,Indian Provision,,3.2,,Each,2026-07-03 15:44:20
8720608629084,LIPTON 100 tea bags,Breakfast Items,,6.9,,Each,2026-07-03 15:44:20
8999999042547,LIPTON CLASSIC,Breakfast Items,,5.8,,Each,2026-07-03 15:44:20
8720608616527,Lipton Milk Tea,Breakfast Items,,6.9,,Each,2026-07-03 15:44:20
8999999042561,LIPTON TEA TARIK,Breakfast Items,,5.4,,Each,2026-07-03 15:44:20
8720608616541,Lipton Teh Halia,Breakfast Items,,6.5,,Each,2026-07-03 15:44:20
8901030844751,Liril Soap,Personal Care,,2.2,,Each,2026-07-03 15:44:20
4891080803430,LISTERINE G Tea,Personal Care,,4.3,,Each,2026-07-03 15:44:20
8992725910202,Listerine Original,Personal Care,,3.9,,Each,2026-07-03 15:44:20
88823461,LM BLUE XL,Tobacco,,16,,Each,2026-07-03 15:44:20
88823690,LM DOUBLE FORWARD,Tobacco,,16.5,,Each,2026-07-03 15:44:20
8997018460426,LM F Forward,Tobacco,,142,,Each,2026-07-03 15:44:20
88823454,LM GREEN XL,Tobacco,,16,,Each,2026-07-03 15:44:20
88823522,LM PURPLE BLAST,Tobacco,,16.6,,Each,2026-07-03 15:44:20
88823416,LM RED XL,Tobacco,,16,,Each,2026-07-03 15:44:20
80001218,Loacker,Snacks,,1.4,,Each,2026-07-03 15:44:20
8888620962210,Lollipop,Snacks,,1.5,,Each,2026-07-03 15:44:20
88822129,London Gold,Tobacco,,16.7,,Each,2026-07-03 15:44:20
VEG06,Loose Garlic,Vegetable,,6,0,KG,2026-07-17T15:16:11
8886461600124,LP 808 Broom,Household Products,,3.9,,Each,2026-07-03 15:44:20
6935170499252,lps correction tape,General Merchandise,,1.2,,Each,2026-07-03 15:44:20
4902580131401,LR 44,General Merchandise,,3,,Each,2026-07-03 15:44:20
8888075030069,LUCKY STRIKE BLUE,Tobacco,,16,,Each,2026-07-03 15:44:20
8888075033763,LUCKY STRITE MENTHOL,Tobacco,,16,,Each,2026-07-03 15:44:20
6940152200405,Lump Sugar,Kitchen Essentials,,1.5,,Each,2026-07-03 15:44:20
8999999527563,Lux Bar,Personal Care,,2.9,,Each,2026-07-03 15:44:20
8999999036607,Lux Bar Soap,Personal Care,,2.9,,Each,2026-07-03 15:44:20
9556126672498,Lux Bouncy Glow,Personal Care,,6.9,,Each,2026-07-03 15:44:20
8851932332507,LUX Bright Impress,Personal Care,,6.9,,Each,2026-07-03 15:44:20
9556126668637,Lux Icy Muguet,Personal Care,,6.9,,Each,2026-07-03 15:44:20
8851932332224,LUX Magical Orchid,Personal Care,,7.2,,Each,2026-07-03 15:44:20
9556126668644,Lux Peacy Glow,Personal Care,,6.9,,Each,2026-07-03 15:44:20
8851932332187,LUX Rosy Glow,Personal Care,,6.9,,Each,2026-07-03 15:44:20
9556156033597,Lychee 300ML,Beverages,,1,,Each,2026-07-03 15:44:20
9556156004924,Lychee,Canned Food,,3,,Each,2026-07-03 15:44:20
9556001328755,Lychee yogurt,Ice Cream,,1.4,,Each,2026-07-03 15:44:20
8720608629107,LYellow Label 25bags,Breakfast Items,,3,,Each,2026-07-03 15:44:20
95508788,M BLACK MENTHOL,Tobacco,,18.3,,Each,2026-07-03 15:44:20
8886441001484,M C Ice XL,Tobacco,,15.4,,Each,2026-07-03 15:44:20
8888200601379,M CHOCOLATE MILK 1L,F&n,,3.5,,Each,2026-07-03 15:44:20
8888200602734,M FRESH MILK 200ML,F&n,,1.4,,Each,2026-07-03 15:44:20
8886441001071,M Gold 10,Tobacco,,178,,Each,2026-07-03 15:44:20
8886441000005,M Gold 10s,Tobacco,,175,,Each,2026-07-03 15:44:20
8886441001538,M Gold 2s,Tobacco,,35.5,,Each,2026-07-03 15:44:20
8885008902349,M Green Chilli Pickle,Indian Provision,,2.4,,Each,2026-07-03 15:44:20
8904001800541,M Groundnut Oil1L,Cooking Oil,,7.4,,Each,2026-07-03 15:44:20
88823249,M ICE BLAST,Tobacco,,18.3,,Each,2026-07-03 15:44:20
8886441000616,M Ice Blast 10s,Tobacco,,181,,Each,2026-07-03 15:44:20
8888200600723,M Low Fat 1L,F&n,,3.7,,Each,2026-07-03 15:44:20
8885008900505,M Mango Pickle,Indian Provision,,2.4,,Each,2026-07-03 15:44:20
8886441001088,M Menthol 10,Tobacco,,178,,Each,2026-07-03 15:44:20
8886441000029,M Menthol 10s,Tobacco,,175,,Each,2026-07-03 15:44:20
8886441001576,M Menthol 2s,Tobacco,,35.5,,Each,2026-07-03 15:44:20
8885015431979,M Option Fizzy Dew,Tobacco,,16.5,,Each,2026-07-03 15:44:20
8885008901458,M PALMYRA Sugar,Kitchen Essentials,,3.8,,Each,2026-07-03 15:44:20
8885008900444,M Peanut Candy,Snacks,,2,,Each,2026-07-03 15:44:20
8885008900567,M Pudhina Pickle,Indian Provision,,2.4,,Each,2026-07-03 15:44:20
8885008902998,M Sesame Balls,Indian Provision,,1.8,,Each,2026-07-03 15:44:20
4901301506771,M Stain&Mold,Household Products,,5.9,,Each,2026-07-03 15:44:20
4901301506788,M Stain&Mold Refill,Household Products,,4.8,,Each,2026-07-03 15:44:20
8888200607449,M Strawberry,Beverages,,4.8,,Each,2026-07-03 15:44:20
8902967215355,M Wiskey 180ml,Liquor,,10.5,,Each,2026-07-03 15:44:20
40111490,M&m Chocolate,Snacks,,1.5,0,Each,2026-07-11T12:12:50
6914973030206,M&M Cripsy,Snacks,,1.8,,Each,2026-07-03 15:44:20
9300682016278,M&M Crispy,Snacks,,1.5,,Each,2026-07-03 15:44:20
93682978,M&M Peanut,Snacks,,1.5,,Each,2026-07-03 15:44:20
9300682050685,M&M Tubes,Snacks,,1.8,,Each,2026-07-03 15:44:20
Max,M1 Max Simcard,Telecom,,0.1,0,Each,2026-07-04T15:00:19
8888217206307,Macaroni,Kitchen Essentials,,2.1,,Each,2026-07-03 15:44:20
8888217201500,Macaroni ABC150,Kitchen Essentials,,1.5,,Each,2026-07-03 15:44:20
6980717001580,MACKEREL FISH 425G,Canned Food,,2,,Each,2026-07-03 15:44:20
9556001126450,MAGGI ASAM LAKSA,Noodles,,2.6,,Each,2026-07-03 15:44:20
9556001221957,MAGGI BIG CURRY 5X111G,Noodles,,3.9,,Each,2026-07-03 15:44:20
9556001128973,Maggi Chicken,Noodles,,2.6,,Each,2026-07-03 15:44:20
9556001601506,MAGGI CHILLI SAUCE 340 GM,Condiments & Sauce,,2.3,,Each,2026-07-03 15:44:20
9556001601001,MAGGI CHILLI SAUCE 500g,Condiments & Sauce,,2.9,,Each,2026-07-03 15:44:20
9556001202031,Maggi Curry,Noodles,,2.6,,Each,2026-07-03 15:44:20
9556001129024,MAGGI CURRY 5X80G,Noodles,,2.6,,Each,2026-07-03 15:44:20
9556001221971,Maggi Curry Ch,Noodles,,3.9,0,Each,2026-07-17T18:25:43
9556001248145,Maggi Curry Chicken,Noodles,,2.2,,Each,2026-07-03 15:44:20
9556001288196,Maggi Curry Kaw,Noodles,,2.2,,Each,2026-07-03 15:44:20
8901058895780,Maggi Hot&Sweet,Condiments & Sauce,,4.8,,Each,2026-07-03 15:44:20
055000490306,Maggi India,Indian Provision,,2.3,,Each,2026-07-03 15:44:20
9556001126597,Maggi Kari letup,Noodles,,2.8,,Each,2026-07-03 15:44:20
9556001602107,Maggi Oyster,Condiments & Sauce,,4.3,,Each,2026-07-03 15:44:20
9556001255754,Maggi PEDAS GILER,Noodles,,2.8,,Each,2026-07-03 15:44:20
9556001259127,Maggi PEDAS Giler 4s,Noodles,,4.2,,Each,2026-07-03 15:44:20
9556001609007,MAGGI PORRIDGE CHICKEN 63G,Noodles,,1.5,,Each,2026-07-03 15:44:20
9556001601407,MAGGI SAUCE TOMATTO 325 GM,Condiments & Sauce,,1.8,,Each,2026-07-03 15:44:20
9556001234766,Maggi Spicy Curry,Noodles,,1.8,,Each,2026-07-03 15:44:20
9556001288233,Maggi Tam Yam Kaw Extra,Noodles,,2.2,,Each,2026-07-03 15:44:20
9556001206497,MAGGI TOM YAM,Noodles,,2.2,,Each,2026-07-03 15:44:20
9556001126542,MAGGI TOM YAM 5X80G,Noodles,,2.6,,Each,2026-07-03 15:44:20
9556001600806,MAGGI TOMOTO KETCHUP 475G,Condiments & Sauce,,2.6,,Each,2026-07-03 15:44:20
4710363512015,Magicclean Glass,Household Products,,3.2,,Each,2026-07-03 15:44:20
8888331614514,MAGICLEAN 500ML,Household Products,,4.2,,Each,2026-07-03 15:44:20
8888331545009,Magiclean Fresh Floral,Household Products,,7.2,0,Each,2026-07-18T14:27:23
4710363502016,Magiclean Kitchen,Household Products,,4.8,0,Each,2026-07-16T21:43:09
9556155220035,Magiclean Lavender,Household Products,,7.2,0,Each,2026-07-16T18:44:16
4901301007773,Magiclean Toilet,Household Products,,3.7,0,Each,2026-07-16T21:42:46
8888200653125,Magnolia B 200ml,F&n,,1.4,,Each,2026-07-03 15:44:20
8888200653118,Magnolia B 946ml,F&n,,3.65,,Each,2026-07-03 15:44:20
8888200607425,Magnolia Chocolate,Beverages,,4.8,,Each,2026-07-03 15:44:20
8888200653163,Magnolia Cholest Care,F&n,,3.5,,Each,2026-07-03 15:44:20
8888200653156,Magnolia Earl Grey,F&n,,3.5,,Each,2026-07-03 15:44:20
8888200653071,magnolia Fesh Milk,F&n,,6.2,,Each,2026-07-03 15:44:20
8888200607388,Magnolia Fresh 6s,Beverages,,4.8,,Each,2026-07-03 15:44:20
8888200132118,Magnolia Fresh Milk 500ML,F&n,,2.6,,Each,2026-07-03 15:44:20
8888200132217,Magnolia Fresh Milk 946ml,F&n,,3.6,,Each,2026-07-03 15:44:20
8888200619657,Magnolia H Latte,F&n,,3,,Each,2026-07-03 15:44:20
8888200607401,Magnolia Low Fat 6s,Beverages,,4.8,,Each,2026-07-03 15:44:20
8888200607234,MAGNOLIA MILK 6x250ML,Beverages,,5.2,,Each,2026-07-03 15:44:20
8888200653279,Magnolia Peach,F&n,,3.8,,Each,2026-07-03 15:44:20
8888200653262,Magnolia Peach 200ml,F&n,,1.4,,Each,2026-07-03 15:44:20
8888200641368,Magnolia Yoghurt,F&n,,3.4,0,Each,2026-07-19T13:44:21
8885008900482,Maharaja Ghee,Indian Provision,,6.9,,Each,2026-07-03 15:44:20
8885008901465,Maharaja Idly Podi,Indian Provision,,2.9,,Each,2026-07-03 15:44:20
8885008900499,Maharaja Lemon,Indian Provision,,2.4,,Each,2026-07-03 15:44:20
8888217202309,Maicar Macaroni 400g,Noodles,,2.1,0,Each,2026-07-13T19:57:51
6901009100071,Maling luncheon,Canned Food,,3.3,,Each,2026-07-03 15:44:20
8888300463112,Mama AB Diswash,Household Products,,1.9,,Each,2026-07-03 15:44:20
8888300463105,MAMA D/WASH REFILL,Household Products,,1.7,,Each,2026-07-03 15:44:20
8888300291005,Mama Detergent 1KG,Household Products,,2.4,,Each,2026-07-03 15:44:20
8888300463297,Mama Dishwash 750ML,Household Products,,2.9,,Each,2026-07-03 15:44:20
8888300463365,Mama Lemon,Household Products,,1.9,,Each,2026-07-03 15:44:20
8888300465000,Mama Lemon 750ml,Household Products,,2.9,0,Each,2026-07-09T17:01:54
8888300463464,Mama Lemon Gold,Household Products,,1.8,,Each,2026-07-03 15:44:20
8998866182188,Mama refill,Household Products,,1.8,,Each,2026-07-03 15:44:20
9555022301891,MAMEE BBQ 8s,Noodles,,2.7,,Each,2026-07-03 15:44:20
9555022301884,MAMEE Chicken 8s,Noodles,,2.7,2.5,Each,2026-07-03 15:44:20
4800016110511,Mang Juan G,Snacks,,1.5,,Each,2026-07-03 15:44:20
4800016110528,Mang Juan,Snacks,,1.5,,Each,2026-07-03 15:44:20
8901725719999,mangaldeep,Poojai Items,,2.2,,Each,2026-07-03 15:44:20
8888200650124,Mango,F&n,,1.3,,Each,2026-07-03 15:44:20
8886345364982,MANGO 95GM,Snacks,,1.3,,Each,2026-07-03 15:44:20
8888200602895,MANGO JUICE 946ml,F&n,,2.8,,Each,2026-07-03 15:44:20
8906021122139,Mango Thokku Pickle,Indian Provision,,2.4,,Each,2026-07-03 15:44:20
8906008350043,Manna Health Mix,Indian Provision,,6,,Each,2026-07-03 15:44:20
8906008350050,Manna Health Mix 250g,Indian Provision,,3.6,,Each,2026-07-03 15:44:20
8904001803221,Mantra Groundnut Oil2L,Cooking Oil,,12.9,,Each,2026-07-03 15:44:20
9555913602113,Marble Cake,Bakery Goods,,1,,Each,2026-07-03 15:44:20
9555913601437,MARBLE CAKE 4s,Bakery Goods,,3.2,,Each,2026-07-03 15:44:20
8901063136670,Marie Gold 150g,Snacks,,1.3,,Each,2026-07-03 15:44:20
9556085515775,Marie Hup Seng,Snacks,,2.5,0,Each,2026-07-14T17:14:23
76164781,Marlboro A Silver,Tobacco,,18.3,,Each,2026-07-03 15:44:20
88823720,Marlboro C Gold,Tobacco,,15.9,,Each,2026-07-03 15:44:20
88823478,Marlboro CMint Storm,Tobacco,,15.9,,Each,2026-07-03 15:44:20
45163012,MARLBORO D BURST,Tobacco,,18.3,,Each,2026-07-03 15:44:20
88823508,Marlboro M Purple,Tobacco,,18.3,,Each,2026-07-03 15:44:20
281272,MARLBORO MENTHOL,Tobacco,,18.1,,Each,2026-07-03 15:44:20
288822,MARLBORO RED,Tobacco,,18.1,,Each,2026-07-03 15:44:20
88823713,MARLBRO CRAFTED RED,Tobacco,,15.9,,Each,2026-07-03 15:44:20
288692,MARLBRO GOLD,Tobacco,,18.1,,Each,2026-07-03 15:44:20
281592,MARLBRO W MENTHOL,Tobacco,,18.3,,Each,2026-07-03 15:44:20
5900951311321,Mars 51g,Snacks,,1.5,,Each,2026-07-03 15:44:20
8904004407914,MASALA CHANA 160.G,Indian Provision,,2.2,,Each,2026-07-03 15:44:20
8888196906915,Matcha Milk Tea,Beverages,,1.8,,Each,2026-07-03 15:44:20
4902580166311,maxel AA,General Merchandise,,4.8,,Each,2026-07-03 15:44:20
4902580164881,maxell AAA,General Merchandise,,4.2,,Each,2026-07-03 15:44:20
4902580132682,maxell LR41,General Merchandise,,2,,Each,2026-07-03 15:44:20
9555761400039,MBR P Oil,Personal Care,,2.6,,Each,2026-07-03 15:44:20
8881304323529,MC 1000A 10s,Household Products,,3.4,,Each,2026-07-03 15:44:20
8881304323444,MC 1000B 10s,Household Products,,3.2,,Each,2026-07-03 15:44:20
8881304323703,MC 10PP 10inch,Household Products,,7.2,,Each,2026-07-03 15:44:20
8881304323420,MC 16 10s,Household Products,,2.2,,Each,2026-07-03 15:44:20
8881304323475,MC 3000,Household Products,,3.8,,Each,2026-07-03 15:44:20
8881304323505,MC 500A 10s,Household Products,,3,,Each,2026-07-03 15:44:20
8886441001699,MC Ice Dew XL,Tobacco,,14.5,,Each,2026-07-03 15:44:20
8902967211364,Mc original 180ml,Liquor,,10.5,,Each,2026-07-03 15:44:20
8881304323628,MC SQ1500,Household Products,,3.4,,Each,2026-07-03 15:44:20
8881304323642,MC SQ7,Household Products,,3.8,,Each,2026-07-03 15:44:20
8881304323406,MC SW 10s,Household Products,,2.3,,Each,2026-07-03 15:44:20
8902967211357,McDowells Original,Liquor,,22.5,,Each,2026-07-03 15:44:20
8902967303915,MD No1 Brandy,Liquor,,22.5,,Each,2026-07-03 15:44:20
6291103750006,MDH Amchur,Indian Provision,,2.6,,Each,2026-07-03 15:44:20
6291103750075,MDH Chana Masala,Indian Provision,,2.4,,Each,2026-07-03 15:44:20
6291103750099,MDH Chat Masala,Indian Provision,,2.4,,Each,2026-07-03 15:44:20
6291103750501,MDH Kasoori Meithi,Indian Provision,,1.4,,Each,2026-07-03 15:44:20
6291103750297,MDH PAV Bhaji,Indian Provision,,2.4,,Each,2026-07-03 15:44:20
8998866606202,ME GORENG 5x91G,Noodles,,2.9,,Each,2026-07-03 15:44:20
8904018308634,MEDIMIX Classic 18h,Personal Care,,1.8,,Each,2026-07-03 15:44:20
8906057530861,MEDIMIX Classic,Personal Care,,1.6,,Each,2026-07-03 15:44:20
8904018300591,MEDIMIX S SOAP 125G,Personal Care,,1.8,,Each,2026-07-03 15:44:20
8904018300560,Medimix Soap Y,Personal Care,,1.8,,Each,2026-07-03 15:44:20
8904018303660,Medimix Soap,Personal Care,,1.8,,Each,2026-07-03 15:44:20
8904018300249,MEDIMIX SOAP 125G,Personal Care,,1.5,,Each,2026-07-03 15:44:20
8904018300010,MEDIMIX SOAP 75G,Personal Care,,0.8,,Each,2026-07-03 15:44:20
8888107003146,Mee Poh,Noodles,,2.2,,Each,2026-07-03 15:44:20
8902979029032,Meera Anti Dandruff 80ml,Personal Care,,2.9,,Each,2026-07-03 15:44:20
8902979029049,Meera Anti Dandruff 180ml,Personal Care,,4.8,,Each,2026-07-03 15:44:20
8902979022798,Meera Hair Fall Care,Personal Care,,4.6,,Each,2026-07-03 15:44:20
8902979023177,MEERA SEYAKKAI 120G,Personal Care,,2,,Each,2026-07-03 15:44:20
8902979023122,MEERA SHAMPOO 80ML,Personal Care,,1.4,,Each,2026-07-03 15:44:20
4902777231259,Meiji Cho,Snacks,,1.3,0,Each,2026-07-14T18:51:25
8888470010208,MEIJI FRESH MILK 2L,Dairy Products,,6.8,,Each,2026-07-03 15:44:20
8888470018303,MEIJI FRESH MILK 830ML,Dairy Products,,3.6,,Each,2026-07-03 15:44:20
8888470020207,MEIJI LOW FAT MILK 2L,Dairy Products,,6.8,,Each,2026-07-03 15:44:20
10000049398448,Meiji Panda 10s,Snacks,,12,0,Each,2026-07-21T18:53:02
8888077130026,meiji Strawberry,Snacks,,1.3,,Each,2026-07-03 15:44:20
8888077101200,MEIJI YANYAN VANILA DIP 57G,Snacks,,1.3,,Each,2026-07-03 15:44:20
9555674600656,Melon Cake,Bakery Goods,,1.8,,Each,2026-07-03 15:44:20
8998866810098,MELTS Cheese,Snacks,,2.3,,Each,2026-07-03 15:44:20
8998866810081,MELTS Original,Snacks,,2.3,,Each,2026-07-03 15:44:20
073390000110,MENTOS 37.5GM M,Snacks,,0.9,,Each,2026-07-03 15:44:20
073390000165,MENTOS 37.5GM F,Snacks,,0.9,,Each,2026-07-03 15:44:20
073390000516,MENTOS 37.5GM G,Snacks,,0.9,,Each,2026-07-03 15:44:20
8990800024165,mentos Cool Chews,Snacks,,1.5,,Each,2026-07-03 15:44:20
8990800024134,mentos mixed berry,Snacks,,1.5,,Each,2026-07-03 15:44:20
4033100033186,Mevius Option,Tobacco,,18.3,,Each,2026-07-03 15:44:20
49401196,MEVIUS ORI BLUE,Tobacco,,18.3,,Each,2026-07-03 15:44:20
123213,MEVIUS ORI MENTHOL,Tobacco,,18.3,,Each,2026-07-03 15:44:20
4902210200804,MEVIUS SKY BLUE,Tobacco,,18.3,,Each,2026-07-03 15:44:20
4902210202402,MEVIUS WIND BLUE,Tobacco,,18.3,,Each,2026-07-03 15:44:20
8888026571917,MG APPLE,Marigold,,2.8,,Each,2026-07-03 15:44:20
8888026230166,Mg Apple 200ml,Marigold,,1.4,0,Each,2026-07-16T16:49:49
8888026578510,MG CARROT,Marigold,,2.8,,Each,2026-07-03 15:44:20
8888026561031,MG Chocolate,Marigold,,3.6,,Each,2026-07-03 15:44:20
8888026302207,MG Evaporated Milk,Breakfast Items,,1.8,,Each,2026-07-03 15:44:20
8888026981006,MG Fresh MIlk 1L,Marigold,,3.6,,Each,2026-07-03 15:44:20
8888026240035,MG Fresh Milk 2L,Marigold,,6.7,,Each,2026-07-03 15:44:20
9557305000545,MG Full Cream Milk,Breakfast Items,,2.8,,Each,2026-07-03 15:44:20
8888026473037,MG Guava 250ml,Marigold,,1.2,,Each,2026-07-03 15:44:20
8888026312909,MG Kings of King,Breakfast Items,,2.3,,Each,2026-07-03 15:44:20
8888026570514,MG Lime 946ml,Marigold,,2.8,,Each,2026-07-03 15:44:20
9557305000569,MG Low Fat Milk,Breakfast Items,,2.8,2.8,Each,2026-07-03 15:44:20
8888026970031,MG Mango,Marigold,,1.3,,Each,2026-07-03 15:44:20
8888026570910,MG ORANGE,Marigold,,2.8,,Each,2026-07-03 15:44:20
8888026970024,MG Orange 200ml,Marigold,,1.3,,Each,2026-07-03 15:44:20
8888026473068,MG Orange 250ml,Marigold,,1.2,,Each,2026-07-03 15:44:20
8888026970017,MG P Guava,Marigold,,1.3,,Each,2026-07-03 15:44:20
8888026230173,Mg Pink Guava,Beverages,,1.4,0,Each,2026-07-13T16:37:54
8888026572914,MG Pink Guava 946ml,Marigold,,2.8,,Each,2026-07-03 15:44:20
8888026473259,MG powerberries 200ml,Beverages,,1.3,,Each,2026-07-03 15:44:20
8888026579128,MG Powerberries,Marigold,,2.8,,Each,2026-07-03 15:44:20
8888026850715,MG Yoghurt 700 ml,Dairy Products,,3.3,,Each,2026-07-03 15:44:20
8888026231101,MG Yoghurt natural,Marigold,,1.7,,Each,2026-07-03 15:44:20
8888026231118,MG Yoghurt St,Marigold,,1.7,,Each,2026-07-03 15:44:20
8888026231156,MG Yoghurt de coco,Marigold,,1.7,,Each,2026-07-03 15:44:20
8888026231163,MG Yoghurt Mixed Berries,Marigold,,1.7,,Each,2026-07-03 15:44:20
8888026579203,MG YUZU,Marigold,,3.5,,Each,2026-07-03 15:44:20
8998866202404,Mi Sedaap B,Noodles,,1.5,,Each,2026-07-03 15:44:20
8998866606196,MI SOTO 75GM 5PKTS,Noodles,,2.8,,Each,2026-07-03 15:44:20
8998866200813,Mie Sedaap,Noodles,,1.5,,Each,2026-07-03 15:44:20
8888140022340,MILI CORNEDBEEF 340G,Canned Food,,4.8,,Each,2026-07-03 15:44:20
8888140030369,MILI PICKLED LETTUCE 198G,Canned Food,,1,,Each,2026-07-03 15:44:20
8888140030352,Mili Praised Peanuts,Canned Food,,1,0,Each,2026-07-11T16:58:02
8901063150010,MILK BIKIS ALMOND 88.5G,Snacks,,1,,Each,2026-07-03 15:44:20
8888196303912,MILK COFFEE 500ML,Beverages,,2,,Each,2026-07-03 15:44:20
9556040650305,MILKMAID 392G,Breakfast Items,,2.5,,Each,2026-07-03 15:44:20
8904083300144,Milky Mist Cream,Dairy Products,,3.9,,Each,2026-07-03 15:44:20
9156001252236,Milo Cup,Ice Cream,,1.6,,Each,2026-07-03 15:44:20
9556001232236,Milo,Ice Cream,,1.5,,Each,2026-07-03 15:44:20
8888082119375,Milo 900g,Breakfast Items,,10.9,,Each,2026-07-03 15:44:20
8888082135054,Milo Australian Recipe,Breakfast Items,,15,,Each,2026-07-03 15:44:20
9556001255341,MILO DRINK,Breakfast Items,,1,,Each,2026-07-03 15:44:20
9556001051509,MILO DRINK 240ML,Breakfast Items,,1.4,,Each,2026-07-03 15:44:20
8888082146470,Milo GAO KOSONG,Breakfast Items,,10.9,,Each,2026-07-03 15:44:20
9556001330994,Milo Iced 500ml,Beverages,,2.3,,Each,2026-07-03 15:44:20
9556001308757,Milo KAW,Ice Cream,,2.3,,Each,2026-07-03 15:44:20
9556001135575,Milo Original 6*200ml,Beverages,,4.8,0,Each,2026-07-14T17:50:15
9556001135568,Milo Packet 4s,Beverages,,17.3,0,Each,2026-07-20T15:59:14
8888082127462,MILO POWDER 400G,Breakfast Items,,5.6,,Each,2026-07-03 15:44:20
9556241350073,MIMI,Snacks,,1.3,,Each,2026-07-03 15:44:20
6903302810688,Mini Lighter,General Merchandise,,1.4,,Each,2026-07-03 15:44:20
8886345364814,MINI WHITE PLUM 95GM,Snacks,,1.3,,Each,2026-07-03 15:44:20
8888002189518,MINUTE MAID MIX FRUIT 350ML,Beverages,,1.5,,Each,2026-07-03 15:44:20
9556404002153,Mirinda,Beverages,,2.5,,Each,2026-07-03 15:44:20
9556404003150,MIRINDA Strawberry,Beverages,,2.5,,Each,2026-07-03 15:44:20
8904083309260,MM Butter Milk,Dairy Products,,2.9,,Each,2026-07-03 15:44:20
8904083300670,MM Butter unsalted,Dairy Products,,3.9,,Each,2026-07-03 15:44:20
8904083300434,MM C Paneer,Dairy Products,,3.5,,Each,2026-07-03 15:44:20
8904083310129,MM Cheese,Frozen Food,,4.6,,Each,2026-07-03 15:44:20
8904083310136,MM Cheese 5S,Frozen Food,,2.6,,Each,2026-07-03 15:44:20
8888153206263,MM Class Cleaner,Household Products,,6.9,,Each,2026-07-03 15:44:20
8904083301820,MM Cow Ghee 500ml,Indian Provision,,8.9,,Each,2026-07-03 15:44:20
8904083301813,MM Ghee,Indian Provision,,3.9,,Each,2026-07-03 15:44:20
8904083302438,MM Greek Yogurt,Dairy Products,,6.3,,Each,2026-07-03 15:44:20
8902147000375,MM Green Apple,Liquor,,11.8,,Each,2026-07-03 15:44:20
8904083301219,MM Gulab Jamun Mix,Indian Provision,,3.2,,Each,2026-07-03 15:44:20
8902147000450,MM Lemon,Liquor,,11.8,,Each,2026-07-03 15:44:20
8904083300441,MM malai paneer,Dairy Products,,7.6,,Each,2026-07-03 15:44:20
8902147000412,MM Orange,Liquor,,11.5,,Each,2026-07-03 15:44:20
9551022470308,MM Orange 300ml,Beverages,,1.6,,Each,2026-07-03 15:44:20
9555589209395,MG Orange 300ml,Beverages,,1.2,,Each,2026-07-03 15:44:20
8888002188511,MM ORANGE 350G,Beverages,,1.5,,Each,2026-07-03 15:44:20
8904083300021,MM PANEER 200G,Dairy Products,,4.2,,Each,2026-07-03 15:44:20
8904083300045,MM Paneer 500g,Dairy Products,,9.8,,Each,2026-07-03 15:44:20
8904083300519,MM Salted Butter,Dairy Products,,2,,Each,2026-07-03 15:44:20
8904083300656,MM Unsalted Butter,Dairy Products,,2,,Each,2026-07-03 15:44:20
8904083303077,MM Yoghurt 1kg,Dairy Products,,6.5,,Each,2026-07-03 15:44:20
8904083303091,MM Yoghurt 200g,Dairy Products,,1.4,,Each,2026-07-03 15:44:20
8904083303084,MM Yoghurt 400G,Dairy Products,,3.2,,Each,2026-07-03 15:44:20
TP,Mobile Top Up,Telecom,,0.1,0,Each,2026-07-04T15:00:41
9555719731727,MOCHI Durian,Snacks,,2.2,,Each,2026-07-03 15:44:20
9555719731529,Mochi Pandan,Snacks,,2.2,,Each,2026-07-03 15:44:20
9555719731505,MOCHI Peanut,Snacks,,2.2,,Each,2026-07-03 15:44:20
9555719731512,MOCHI Red Bean,Snacks,,2.2,,Each,2026-07-03 15:44:20
8888546625008,MONG DHALL 500G,Indian Provision,,2.4,,Each,2026-07-03 15:44:20
8888546620010,MONG/DHALL,Indian Provision,,3.8,,Each,2026-07-03 15:44:20
5010327105215,Monkey Shoulder,Liquor,,69,,Each,2026-07-03 15:44:20
4897036691212,Monster B,Beverages,,2.8,,Each,2026-07-03 15:44:20
4897036693148,Monster Mango,Beverages,,3,,Each,2026-07-03 15:44:20
9555022301877,MONSTER BBQ,Snacks,,0.4,,Each,2026-07-03 15:44:20
9555022301860,MONSTER CHICKEN,Snacks,,0.4,,Each,2026-07-03 15:44:20
4897036694343,Monster G,Beverages,,2.8,0,Each,2026-07-14T17:19:51
4897036695401,Monster G Zero Sugar,Beverages,,2.8,,Each,2026-07-03 15:44:20
4897036693483,Monster P,Beverages,,2.8,0,Each,2026-07-12T20:40:48
4897036692974,Monster Ultra,Beverages,,3,,Each,2026-07-03 15:44:20
4897036695890,Monster Violet,Beverages,,2.8,0,Each,2026-07-13T21:07:58
8885005277785,Moo Tong 30ml G,Personal Care,,3.4,,Each,2026-07-03 15:44:20
8885005278881,Moo Tong 30ml R,Personal Care,,3.4,,Each,2026-07-03 15:44:20
8885005277778,Moo Tong 60ml G,Personal Care,,6,,Each,2026-07-03 15:44:20
8885005278874,Moo Tong 60ml R,Personal Care,,6,,Each,2026-07-03 15:44:20
8885005270090,Moo Tong Clove Oil,Personal Care,,3.6,,Each,2026-07-03 15:44:20
8885005270113,Moo Tong Pain Relief,Personal Care,,5.9,,Each,2026-07-03 15:44:20
8901177100505,MOOV CREAM 50g,Personal Care,,5.5,,Each,2026-07-03 15:44:20
8901177101502,MOOV SPRAY 150ML,Personal Care,,6.1,,Each,2026-07-03 15:44:20
4987426000264,Mopiko Ointment,Personal Care,,4.1,0,Each,2026-07-15T20:30:41
8907801011537,MORPHEUS BL 375ml,Liquor,,25.5,,Each,2026-07-03 15:44:20
8907801011544,MORPHEUS BL180ml,Liquor,,12.7,,Each,2026-07-03 15:44:20
8901556122944,MORPHEUS BLK 180ml,Liquor,,11.7,,Each,2026-07-03 15:44:20
8901556122937,MORPHEUS BLK 375ml,Liquor,,23,,Each,2026-07-03 15:44:20
8901556122920,MORPHEUS BLK 750ml,Liquor,,44.9,,Each,2026-07-03 15:44:20
8907801011520,Morpheus Blue 700cl,Liquor,,49.9,,Each,2026-07-03 15:44:20
8885005273343,Mosquito Repellent Spray,Personal Care,,6.5,,Each,2026-07-03 15:44:20
8886461603880,MOTH BALL,Household Products,,2.5,,Each,2026-07-03 15:44:20
9556404011056,Mountain Dew,Beverages,,1.5,,Each,2026-07-03 15:44:20
9556404128334,Mountain Dew 1.50,Beverages,,2.6,0,Each,2026-07-15T21:55:18
9556404127948,Mountain Dew 320ml,Beverages,,1.1,0,Each,2026-07-20T15:47:25
9556404127955,Mountain Dew 450ml,Beverages,,1.6,0,Each,2026-07-22T13:11:00
4800016653094,Mr Chips,Snacks,,1.4,,Each,2026-07-03 15:44:20
9555222606314,Mr Muscle,Household Products,,5.7,,Each,2026-07-03 15:44:20
8902967403332,MrDowells RUM,Liquor,,10.9,,Each,2026-07-03 15:44:20
8902967303885,MrDowells VSOP,Liquor,,10.5,,Each,2026-07-03 15:44:20
8902967303922,MrDowlls,Liquor,,10.9,,Each,2026-07-03 15:44:20
8902967303878,MrDowlls 375,Liquor,,21,,Each,2026-07-03 15:44:20
8902967303861,MrDowlls 750ml,Liquor,,41,,Each,2026-07-03 15:44:20
8885005270052,MT Antiseptic Cream,Personal Care,,5,,Each,2026-07-03 15:44:20
8885005270076,MT Clove Oil,Personal Care,,3.2,,Each,2026-07-03 15:44:20
8885005270045,MT Itch Relief Cream,Personal Care,,4.5,,Each,2026-07-03 15:44:20
8885005270083,MT Medibalm,Personal Care,,4.8,,Each,2026-07-03 15:44:20
8886456604779,MUMMY ROCK SALT 1KG,Kitchen Essentials,,1.5,,Each,2026-07-03 15:44:20
8906009518503,MUMMY SALT 1 KG,Kitchen Essentials,,1,,Each,2026-07-03 15:44:20
8886456606209,MUMMY SUNFLOWER OIL 1L,Cooking Oil,,3.1,,Each,2026-07-03 15:44:20
8886456600627,MUMMYS Mealmaker,Indian Provision,,1.9,,Each,2026-07-03 15:44:20
8886456601112,MUMMYS VEG OIL 1L,Cooking Oil,,3.8,,Each,2026-07-03 15:44:20
8886456601143,Mummys Veg Oil 2L,Cooking Oil,,6.9,,Each,2026-07-03 15:44:20
8886456601167,MUMMYS VEG OIL 5L,Cooking Oil,,13.9,,Each,2026-07-03 15:44:20
9556001263827,Musang King,Ice Cream,,4,,Each,2026-07-03 15:44:20
8888107000350,MYOJO BIHUN SOTO 5X55G,Noodles,,3,,Each,2026-07-03 15:44:20
8888107000480,MYOJO C/ABALONE 80G,Noodles,,1.7,,Each,2026-07-03 15:44:20
8888107002606,MYOJO Char mee,Noodles,,2.2,,Each,2026-07-03 15:44:20
8888107000268,MYOJO CHICKEN 80G,Noodles,,1.7,,Each,2026-07-03 15:44:20
8888107000343,MYOJO CHICKEN BEE HOON 5X60G,Noodles,,3,,Each,2026-07-03 15:44:20
8888107000428,MYOJO CHICKEN HOR FUN 5X55G,Noodles,,3,,Each,2026-07-03 15:44:20
8888107000305,MYOJO CHICKEN TANMEN(S) 5X85G,Noodles,,2.6,,Each,2026-07-03 15:44:20
8888107000497,MYOJO CHK CURRY 80G,Noodles,,1.7,,Each,2026-07-03 15:44:20
8888107000329,MYOJO CHK CURRY(S) 5X85G,Noodles,,2.6,,Each,2026-07-03 15:44:20
8888107000381,MYOJO MEE POH DRY(S) 5X85G,Noodles,,2.6,,Each,2026-07-03 15:44:20
8888107000558,MYOJO MEE SOTO 80G,Noodles,,1.7,,Each,2026-07-03 15:44:20
8888107000374,MYOJO RAMEN 5X85G,Noodles,,2.6,,Each,2026-07-03 15:44:20
8888107000275,MYOJO SEAFOOD 80G,Noodles,,1.7,,Each,2026-07-03 15:44:20
8888107000541,MYOJO TOM YAM 80G,Noodles,,1.7,,Each,2026-07-03 15:44:20
8888107000411,MYOJO TOMYAM BEE HOON 5X60G,Noodles,,3,,Each,2026-07-03 15:44:20
8888107000466,MYOJO TOMYAM(S) 5X85G,Noodles,,2.6,,Each,2026-07-03 15:44:20
8888107000404,MYOJO VEGETARIAN NOODLE(S) 5X85G,Noodles,,2.6,,Each,2026-07-03 15:44:20
8901287100419,MYSORE SANDAL 150GM,Personal Care,,2.1,,Each,2026-07-03 15:44:20
8901287100211,MYSORE SANDAL SOAP 125G,Personal Care,,1.8,,Each,2026-07-03 15:44:20
8901287101010,MYSOREAND GOLD SOAP,Personal Care,,2.2,,Each,2026-07-03 15:44:20
9556001272775,N Kit Kat,Ice Cream,,3.3,,Each,2026-07-03 15:44:20
8888279103149,N KOREAN ARMY,Noodles,,1.7,,Each,2026-07-03 15:44:20
8901031011855,naga DARBAR BATHI,Poojai Items,,19.8,,Each,2026-07-03 15:44:20
8901031001405,NAGA DURBAR BATHI,Poojai Items,,1.9,,Each,2026-07-03 15:44:20
6975070375140,NAIL CLIPPER,General Merchandise,,2.5,,Each,2026-07-03 15:44:20
8885005273190,Nail Polish Remover,Personal Care,,2.2,,Each,2026-07-03 15:44:20
8901751009965,Naivedaya Sambrani,Poojai Items,,2.9,,Each,2026-07-03 15:44:20
8901751453454,Naivedya,Poojai Items,,2.9,,Each,2026-07-03 15:44:20
8906005662064,Narasus Coffe 100g,Breakfast Items,,5.9,,Each,2026-07-03 15:44:20
9556252210304,NASI GORENG PASTE,Kitchen Essentials,,1,,Each,2026-07-03 15:44:20
8906001232384,Nature Papaya,Personal Care,,1.7,,Each,2026-07-03 15:44:20
8885014500423,Naturesoft,Personal Care,,3.9,,Each,2026-07-03 15:44:20
6901009118106,NB CHAOSANSI,Canned Food,,2.2,,Each,2026-07-03 15:44:20
6901009119301,NB Minced Pork,Canned Food,,1.7,,Each,2026-07-03 15:44:20
6901009114313,NB Pork&Bomboo Shoots,Canned Food,,2.6,,Each,2026-07-03 15:44:20
6901009112906,NB Prk leg W Mushrooms 397g,Canned Food,,5.3,,Each,2026-07-03 15:44:20
6901009115327,NB Spiced Pork Cubes,Canned Food,,3.5,,Each,2026-07-03 15:44:20
6901009111503,NB Stewed Pork 256g,Canned Food,,3.8,,Each,2026-07-03 15:44:20
6901009111527,NB Stewed Pork 397g,Canned Food,,5.3,,Each,2026-07-03 15:44:20
6901009113200,NB Stewed Pork Chops,Canned Food,,4.5,,Each,2026-07-03 15:44:20
6901009113217,NB Stewed Pork Chops 397g,Canned Food,,6.4,,Each,2026-07-03 15:44:20
6901009110223,NB Stewed Pork Sliced 383g,Canned Food,,5.7,,Each,2026-07-03 15:44:20
8885005273329,Neem Oil,Personal Care,,4,,Each,2026-07-03 15:44:20
9555181000116,Neem Toothpaste,Personal Care,,2.2,,Each,2026-07-03 15:44:20
ncl,Nail Clipper Type 1,General Merchandise,,2,,Each,2026-07-03 15:44:20
ncm,Nail Clipper Type 2,General Merchandise,,1.5,,Each,2026-07-03 15:44:20
8888082121347,Nesafe Classic Valuepack,Breakfast Items,,16.9,0,Each,2026-07-19T17:32:30
8888082140225,Nescafe 2 in 1,Breakfast Items,,7.1,,Each,2026-07-03 15:44:20
8888082163569,Nescafe 3in 1,Breakfast Items,,6.9,,Each,2026-07-03 15:44:20
9556001047229,NESCAFE 6X240ML,Breakfast Items,,5.3,,Each,2026-07-03 15:44:20
9556001018359,NESCAFE CLASSIC 500G,Breakfast Items,,13.5,,Each,2026-07-03 15:44:20
9556001118776,Nescafe Classic 50g,Breakfast Items,,4.3,0,Each,2026-07-14T19:29:27
8801055706419,Nescafe Gold 50g,Breakfast Items,,7.5,0,Each,2026-07-14T19:22:08
9556001329660,Nescafe Latte 240ml,Beverages,,1.5,0,Each,2026-07-19T21:19:16
9556001245939,NESCAFE MILD 25 STIK,Breakfast Items,,6.4,,Each,2026-07-03 15:44:20
9556001047175,Nescafe Original 240ml,Beverages,,1.5,0,Each,2026-07-21T19:07:55
8888082129077,NESCAFE ORIGINAL 3IN1,Breakfast Items,,6.9,,Each,2026-07-03 15:44:20
9556001183149,NESCAFE WHITE COFFEE,Breakfast Items,,8.4,,Each,2026-07-03 15:44:20
7616100012046,Nestle All Purpose Cream 170g,Kitchen Essentials,,3.2,,Each,2026-07-03 15:44:20
9556001091567,Nestle Apple Sour,Ice Cream,,1.3,0,Each,2026-07-11T19:08:46
9556001315694,Nestle Dairy Milk,Ice Cream,,3.5,,Each,2026-07-03 15:44:20
9556001125132,Nestle Drumstick,Ice Cream,,2.1,0,Each,2026-07-09T19:34:16
9556001103253,NESTLE EVERYDAY 600G,Breakfast Items,,11.5,,Each,2026-07-03 15:44:20
9556001091925,NESTLE MILO,Ice Cream,,1.6,,Each,2026-07-03 15:44:20
8888082133432,NESTLE MILO 3IN1,Breakfast Items,,7.9,,Each,2026-07-03 15:44:20
8888082144384,NESTLE MILO LESS SUGAR,Breakfast Items,,7.8,,Each,2026-07-03 15:44:20
8850125090552,NESTLE OREO Stk,Ice Cream,,3.3,,Each,2026-07-03 15:44:20
9556001260895,Nestle OREO cone,Ice Cream,,2.6,,Each,2026-07-03 15:44:20
9556001091253,Nestle Sundae,Ice Cream,,1.7,0,Each,2026-07-09T20:51:46
9556001091369,NESTLE TROPICANA,Ice Cream,,1.1,,Each,2026-07-03 15:44:20
9556001214867,NESTUM ORI CEREAL,Breakfast Items,,5.2,,Each,2026-07-03 15:44:20
88823652,NEXT CHILL BLAST,Tobacco,,16,,Each,2026-07-03 15:44:20
8886441001415,Next Chill Blast XL,Tobacco,,16,,Each,2026-07-03 15:44:20
88823645,NEXT MENTHOL,Tobacco,,15.9,,Each,2026-07-03 15:44:20
8886441001354,Next Menthol XL,Tobacco,,13.4,,Each,2026-07-03 15:44:20
8886441001200,Next Purple Blast,Tobacco,,13.4,,Each,2026-07-03 15:44:20
88823621,NEXT RED,Tobacco,,15.9,,Each,2026-07-03 15:44:20
8886441001279,Next Red XL,Tobacco,,15.9,12.5,Each,2026-07-03 15:44:20
8887447021186,NIKKO SUPER GLUE,General Merchandise,,1.4,,Each,2026-07-03 15:44:20
8888279102067,NISSIN C/CRAB 75G,Noodles,,1.7,,Each,2026-07-03 15:44:20
8888279300029,NISSIN Chicken,Noodles,,2.1,,Each,2026-07-03 15:44:20
8888279102029,NISSIN CHICKEN 75G,Noodles,,1.7,,Each,2026-07-03 15:44:20
8888279103552,Nissin Corbonara,Noodles,,2.2,0,Each,2026-07-11T15:16:30
8888279103514,Nissin Hot Carbonara,Noodles,,3.2,,Each,2026-07-03 15:44:20
8888279103484,Nissin Hot Chicken,Noodles,,3.2,,Each,2026-07-03 15:44:20
8888279103385,NISSIN IPPUDO,Noodles,,1.8,,Each,2026-07-03 15:44:20
8888279102081,NISSIN LAKSA 75G,Noodles,,1.7,,Each,2026-07-03 15:44:20
8888279102036,NISSIN SEAFOOD 75G,Noodles,,1.7,,Each,2026-07-03 15:44:20
8888279103262,Nissin Seafood Big Cup,Noodles,,2.5,0,Each,2026-07-16T20:13:47
8888279300012,NISSIN Sesame Oil,Cooking Oil,,2.1,,Each,2026-07-03 15:44:20
8888279102098,NISSIN TOM YAM 75G,Noodles,,1.7,,Each,2026-07-03 15:44:20
8904256002578,NIVEA Aloe,Personal Care,,6.8,,Each,2026-07-03 15:44:20
4005808725298,NIVEA Body Milk,Personal Care,,6.8,,Each,2026-07-03 15:44:20
4005808319794,NIVEA Express Hydration,Personal Care,,7.2,,Each,2026-07-03 15:44:20
8904256002820,NIVEA Fresh Active S,Personal Care,,4.1,,Each,2026-07-03 15:44:20
8999777007355,Nivea Fresh Active R,Personal Care,,2.9,,Each,2026-07-03 15:44:20
8904256002882,NIVEA Fresh OCEAN,Personal Care,,4.1,,Each,2026-07-03 15:44:20
8999777004613,Nivea Silver Protect,Personal Care,,2.9,,Each,2026-07-03 15:44:20
42204091,NIVEA Soft,Personal Care,,3.9,,Each,2026-07-03 15:44:20
4005808699254,Nivea Soft Rose,Personal Care,,3.6,0,Each,2026-07-15T21:22:19
6920238083016,Nongshim,Noodles,,2.2,0,Each,2026-07-13T20:27:01
6920238083023,Nongshim Kimchi,Noodles,,2.2,0,Each,2026-07-20T20:48:26
4800016604232,Nova BBQ,Snacks,,1.3,,Each,2026-07-03 15:44:20
4800016663505,Nova Cheese,Snacks,,1.3,,Each,2026-07-03 15:44:20
8888082139526,NS 3 in 1 Less sugar,Breakfast Items,,6.9,,Each,2026-07-03 15:44:20
8888082156301,NS 3 in 1 Rich,Breakfast Items,,7.1,,Each,2026-07-03 15:44:20
8888082163583,NS 3in1 Less Sugar,Breakfast Items,,7.1,,Each,2026-07-03 15:44:20
9556001310835,NS Berry Burst,Ice Cream,,2.3,,Each,2026-07-03 15:44:20
8888082148801,NS Brown Sugar 3in1,Breakfast Items,,7.6,,Each,2026-07-03 15:44:20
8888082149570,NS CAPPUCCINO,Beverages,,2.2,,Each,2026-07-03 15:44:20
9556001295552,NS CAPPUCCINO Stk,Ice Cream,,3.2,,Each,2026-07-03 15:44:20
9556001330765,Ns Cappucino,Beverages,,2.3,0,Each,2026-07-09T12:45:05
9556001118752,Ns Classic 100g,Breakfast Items,,7.5,0,Each,2026-07-14T19:27:24
9556001118738,Ns Classic 200g,Breakfast Items,,13.7,0,Each,2026-07-14T19:27:36
9556001302397,NS Deluxe 200G,Breakfast Items,,7.5,,Each,2026-07-03 15:44:20
9556001125095,Ns Drumstick,Ice Cream,,2.1,0,Each,2026-07-09T18:42:42
9556001287434,NS Gold,Ice Cream,,3.3,,Each,2026-07-03 15:44:20
8801055706457,Ns Gold 100g,Breakfast Items,,11.5,0,Each,2026-07-14T19:19:28
9556001316035,NS ICED CARAMEL,Beverages,,2,,Each,2026-07-03 15:44:20
9556001076342,NS KIT KAT DRUMSTICK,Ice Cream,,2.6,,Each,2026-07-03 15:44:20
9556001327529,NS KOPI O,Breakfast Items,,6.9,,Each,2026-07-03 15:44:20
9556001330796,Ns Latte 500ml,Beverages,,2.3,0,Each,2026-07-15T22:03:13
9556001054005,NS Mocha 240ML,Breakfast Items,,1.4,,Each,2026-07-03 15:44:20
9556001025272,NS Original 240ML,Breakfast Items,,1.4,,Each,2026-07-03 15:44:20
8901058015935,Ns Sunrise,Breakfast Items,,6.7,0,Each,2026-07-18T18:23:31
8901058896381,NS Sunrise 200g,Breakfast Items,,5.8,,Each,2026-07-03 15:44:20
89009772,NS Sunrise 48g,Breakfast Items,,3.5,,Each,2026-07-03 15:44:20
9556001234223,NS WC Gao Siew Dai,Breakfast Items,,7.9,,Each,2026-07-03 15:44:20
8886324061215,NSV WM,Bakery Goods,,2.3,,Each,2026-07-03 15:44:20
9556111990583,NUROFEN Express,Personal Care,,9.5,,Each,2026-07-03 15:44:20
9556111990156,Nurofen Pain Relief,Personal Care,,7.1,,Each,2026-07-03 15:44:20
80050100,Nutella,Snacks,,2.8,,Each,2026-07-03 15:44:20
7898024394181,NUTELLA 350G,Snacks,,7.8,,Each,2026-07-03 15:44:20
8000500359358,nutella biscuits,Snacks,,1.5,,Each,2026-07-03 15:44:20
8000500224281,Nutella B-Ready,Snacks,,1,,Each,2026-07-03 15:44:20
8888200632250,NUTRI BARLEY 1L,F&n,,2.8,,Each,2026-07-03 15:44:20
8888200619138,NUTRI SOY OMEGA 1L,F&n,,3,,Each,2026-07-03 15:44:20
8888200619527,NUTRI SOY WITH REAL OATS & QUINOA,F&n,,3,,Each,2026-07-03 15:44:20
8888200619718,Nutrisoy 220ml,F&n,,1.1,,Each,2026-07-03 15:44:20
8888200602055,NUTRISOY SOYA MILK 1L,F&n,,2.8,,Each,2026-07-03 15:44:20
8888200619046,NUTRISOY SOYAMILK 1L,F&n,,2.8,,Each,2026-07-03 15:44:20
8886456604144,O Bombay Toor Dhall,Indian Provision,,2.8,,Each,2026-07-03 15:44:20
8886456603390,O Channa Dhall 500g,Indian Provision,,2.4,,Each,2026-07-03 15:44:20
8886456603512,O Moon Dhall Whole,Indian Provision,,2.8,,Each,2026-07-03 15:44:20
4800194106771,Oishi Cheese,Snacks,,1.5,,Each,2026-07-03 15:44:20
8997004301184,Oishi Chilli,Snacks,,1.3,,Each,2026-07-03 15:44:20
8997004301108,Oishi Pillows,Snacks,,1.9,,Each,2026-07-03 15:44:20
4800194106016,Oishi Potato Fries,Snacks,,1.5,0,Each,2026-07-10T18:20:50
4800194177962,Oishi Spicy Flavor,Snacks,,1.6,0,Each,2026-07-09T12:11:27
8888168340075,OKI CANOLA OIL 2LT,Cooking Oil,,6.4,,Each,2026-07-03 15:44:20
8888168202038,OKI CORN OIL 2LITRES,Cooking Oil,,7.3,,Each,2026-07-03 15:44:20
8888168204032,OKI PSUNFLOWER OIL 2LT,Cooking Oil,,7.6,,Each,2026-07-03 15:44:20
8888168203035,OKI SOYA BEAN OIL 2L,Cooking Oil,,6.1,,Each,2026-07-03 15:44:20
8902967403349,OLD CASK,Liquor,,42,,Each,2026-07-03 15:44:20
8904427501213,Old Cask 180ml,Liquor,,10.5,,Each,2026-07-03 15:44:20
8904427501206,Old Cask 375ml,Liquor,,21,,Each,2026-07-03 15:44:20
8888815000000,Oldenladia Water,Beverages,,1.1,0,Each,2026-07-09T17:07:58
6922307291599,Oldenlandia Water,Beverages,,1.4,,Each,2026-07-03 15:44:20
8885005273022,Olive Oil,Personal Care,,4.8,,Each,2026-07-03 15:44:20
8886456606827,Olivia GNut 250g,Household Products,,2,,Each,2026-07-03 15:44:20
8901131721944,OM Beer,Liquor,,4.2,,Each,2026-07-03 15:44:20
8901131850026,OM rum 180ml  37% ABV,Liquor,,10.5,,Each,2026-07-03 15:44:20
OMR,OM Rum 180ml,Liquor,,10.5,10.5,Each,2026-07-03 15:44:20
8901131060036,OM Rum 375cl,Liquor,,21,,Each,2026-07-03 15:44:20
89000557,OM RUM 700ml,Liquor,,40.9,,Each,2026-07-03 15:44:20
8901131170063,OM Rum 750ml 7 Yr old blended,Liquor,,40.9,,Each,2026-07-03 15:44:20
8901131617216,"OM Rum 750ml, Old Monk",Liquor,,41.9,,Each,2026-07-03 15:44:20
8901751800050,Om Shanthi,Poojai Items,,1,,Each,2026-07-03 15:44:20
8901131199620,OM White Rum 180ml,Liquor,,11.5,,Each,2026-07-03 15:44:20
8901131199613,OM White Rum 375ml,Liquor,,23,,Each,2026-07-03 15:44:20
072632410601,Omam Water,Personal Care,,1,,Each,2026-07-03 15:44:20
VEG07,Onion 3kg,Vegetable,,2.8,0,EACH,2026-07-17T15:16:11
8906021129091,Onion Rice Paste,Condiments & Sauce,,2.8,,Each,2026-07-03 15:44:20
9555227800908,ONWARDS Kitchen Towel,Household Products,,5.9,,Each,2026-07-03 15:44:20
8885014500225,ONWARDS Soft Tissue,Household Products,,4.9,,Each,2026-07-03 15:44:20
9555227804050,ONWARDS TISSUE,Household Products,,5.9,,Each,2026-07-03 15:44:20
9555227800236,Onwards Toilet Tissue,Household Products,,5.7,,Each,2026-07-03 15:44:20
8888196120724,Oolong Tea 320ml,Beverages,,1,,Each,2026-07-03 15:44:20
8886456609002,Ooty B Urid Dhall,Indian Provision,,2.8,,Each,2026-07-03 15:44:20
8886456605790,Ooty B Whole UI Dhall,Indian Provision,,3,,Each,2026-07-03 15:44:20
8886456603475,Ooty Channa Dhall,Indian Provision,,2.8,,Each,2026-07-03 15:44:20
8886456603710,Ooty Gold 10kg,Rice,,25.8,,Each,2026-07-03 15:44:20
8886456603734,Ooty Gold 1kg,Rice,,2.9,,Each,2026-07-03 15:44:20
8886456603727,Ooty Gold 5kg,Rice,,14.9,,Each,2026-07-03 15:44:20
8886456603499,Ooty Kabuli Channa,Indian Provision,,2.8,,Each,2026-07-03 15:44:20
8886456603439,Ooty Kauli Channa,Indian Provision,,3,,Each,2026-07-03 15:44:20
8886456603826,Ooty Moong Dhall 500g,Indian Provision,,2.8,,Each,2026-07-03 15:44:20
8886456608616,Ooty Phool Makhana,Indian Snacks,,1.8,,Each,2026-07-03 15:44:20
8886456602553,Ooty Tamarind,Indian Provision,,3.2,,Each,2026-07-03 15:44:20
8886456604137,Ooty Toor Dhall 1kg,Indian Provision,,4.9,,Each,2026-07-03 15:44:20
8886456603840,Ooty Urid Dhall,Indian Provision,,2.8,,Each,2026-07-03 15:44:20
8886456603857,Ooty Urid Dhall 1kg,Indian Provision,,5.2,,Each,2026-07-03 15:44:20
9556108261009,Optrex 10ml,Personal Care,,8.3,0,Each,2026-07-17T11:47:52
3014260821852,Oral B 2s,Personal Care,,2.3,,Each,2026-07-03 15:44:20
8888826016557,ORAL-B TOOTHBRUSH S,Personal Care,,1.3,,Each,2026-07-03 15:44:20
8888826016564,ORAL-B TOOTHBRUSH M,Personal Care,,1.3,,Each,2026-07-03 15:44:20
8888200617387,Orange 200ml,F&n,,1.3,,Each,2026-07-03 15:44:20
8886345365378,ORANGE PEEL 95GM,Snacks,,1.3,,Each,2026-07-03 15:44:20
8887380020079,ORANGE RED,Kitchen Essentials,,2,,Each,2026-07-03 15:44:20
8997009510123,ORANGE WATER,Beverages,,2,,Each,2026-07-03 15:44:20
8992760221028,Oreo Original,Bakery Goods,,1.5,0,Each,2026-07-10T21:42:38
7622300335755,OREO Soft Cake,Bakery Goods,,3,,Each,2026-07-03 15:44:20
8901751800036,OS Turmeric,Poojai Items,,1.2,,Each,2026-07-03 15:44:20
8888240056306,OT Classic,Breakfast Items,,9.2,,Each,2026-07-03 15:44:20
8888240056320,OT Hazelnut,Breakfast Items,,9.2,,Each,2026-07-03 15:44:20
9555076304176,OT Milk Tea,Breakfast Items,,9.2,,Each,2026-07-03 15:44:20
8888240056061,OT White Coffee LS,Breakfast Items,,9.2,,Each,2026-07-03 15:44:20
O,Other,Other,,0.1,0,Each,2026-07-04T15:01:29
8888196903310,OVELTINE 500ML,Breakfast Items,,1.8,,Each,2026-07-03 15:44:20
8886311106714,OWL 3 in 1,Breakfast Items,,5.9,,Each,2026-07-03 15:44:20
8888082121101,OYSTER SAUCE 500g,Condiments & Sauce,,3.1,,Each,2026-07-03 15:44:20
785018012022,P Amla Pickle,Indian Provision,,2.4,,Each,2026-07-03 15:44:20
4902430401012,P Anti Dandruff,Personal Care,,5.3,,Each,2026-07-03 15:44:20
8888196454768,P Blueberry Tea 6s,Beverages,,3.6,,Each,2026-07-03 15:44:20
8888196305930,P Cappuccino,Beverages,,2,,Each,2026-07-03 15:44:20
8888196566119,P CARROT JUICE 300ML,Beverages,,1.3,,Each,2026-07-03 15:44:20
4987167089023,P Cellulose Tape,General Merchandise,,2,,Each,2026-07-03 15:44:20
3474370026729,P Correction Pen,General Merchandise,,2.9,,Each,2026-07-03 15:44:20
4711577032887,P Correction Tape Type 1,General Merchandise,,1.9,,Each,2026-07-03 15:44:20
4711577032894,P Correction Tape Type 2,General Merchandise,,1.9,,Each,2026-07-03 15:44:20
4902430400619,P Damage Care,Personal Care,,5.2,,Each,2026-07-03 15:44:20
8888196173423,P GREEN TEA 1.5L,Beverages,,2.5,,Each,2026-07-03 15:44:20
8888196173348,P GREEN TEA 500ML,Beverages,,1.6,,Each,2026-07-03 15:44:20
8888196451767,P Green Tea 6s,Breakfast Items,,3.6,,Each,2026-07-03 15:44:20
4902430400992,P Hairfall Control,Personal Care,,5.3,,Each,2026-07-03 15:44:20
8888196176912,P Honey Lemon 1.5L,Beverages,,2.5,,Each,2026-07-03 15:44:20
8888196172648,P Ice Lychee,Beverages,,1.6,,Each,2026-07-03 15:44:20
785018154593,P Idly Rawa 1kg,Indian Provision,,2.7,,Each,2026-07-03 15:44:20
8901088076104,P Jasmine 90ml,Personal Care,,1.8,,Each,2026-07-03 15:44:20
8888196188113,P Kiyo,Beverages,,1.5,,Each,2026-07-03 15:44:20
8888196120021,P Lemon Tea,Beverages,,1,,Each,2026-07-03 15:44:20
8888196170637,P LEMON TEA 500ML,Beverages,,1.7,,Each,2026-07-03 15:44:20
8888196452269,P Lemon Tea 6s,Breakfast Items,,3.6,,Each,2026-07-03 15:44:20
8888196192813,P Lemon Zero,Beverages,,1.5,,Each,2026-07-03 15:44:20
8888196192714,P Lychee Oolong,Beverages,,1.5,,Each,2026-07-03 15:44:20
8888196905734,P Melon Milk,Beverages,,2,,Each,2026-07-03 15:44:20
8888196105813,P Milk Tea,Beverages,,1.8,,Each,2026-07-03 15:44:20
8888196179814,P Oolong Lychee,Beverages,,2.5,,Each,2026-07-03 15:44:20
7888180120724,P Oolong Tea,Beverages,,1,,Each,2026-07-03 15:44:20
8888196189011,P Peach Ooolong,Beverages,,1.6,,Each,2026-07-03 15:44:20
8888196172433,P PEACH TEA 1.5L,Beverages,,2.6,,Each,2026-07-03 15:44:20
8888196452368,P Peach Tea 6s,Beverages,,3.6,,Each,2026-07-03 15:44:20
785018138104,P Pulihora Paste,Indian Provision,,2.8,,Each,2026-07-03 15:44:20
8888196905314,P Rose Milk,Beverages,,1.8,,Each,2026-07-03 15:44:20
4902430399357,P Silky Smooth,Personal Care,,5.3,,Each,2026-07-03 15:44:20
8888196450364,P Soursop 6s,Beverages,,3.6,,Each,2026-07-03 15:44:20
8888196176318,P Strawberry Tea,Beverages,,2.5,,Each,2026-07-03 15:44:20
8887437070231,Paddyking 2.5kg,Rice,,9.8,,Each,2026-07-03 15:44:20
8887437070163,PaddyKing BRice 1kg,Rice,,4.6,,Each,2026-07-03 15:44:20
88822914,PALL MALL LIGHT 20S,Tobacco,,16.6,,Each,2026-07-03 15:44:20
88823096,PALL MALL MENTHOL,Tobacco,,16.8,,Each,2026-07-03 15:44:20
88822891,Pall Mall Red,Tobacco,,16.6,,Each,2026-07-03 15:44:20
88820729,PALLMALL K Storm,Tobacco,,16.8,,Each,2026-07-03 15:44:20
8888008120362,PANADOL 20PCS,Personal Care,,8.4,,Each,2026-07-03 15:44:20
8888008110332,PANADOL ACTI FAST 16 CAPLETS,Personal Care,,5.6,,Each,2026-07-03 15:44:20
8888008120515,PANADOL ActiFast,Personal Care,,12.5,,Each,2026-07-03 15:44:20
9556019237841,Panadol Actifast 8s,Personal Care,,7.2,,Each,2026-07-03 15:44:20
8888008111414,PANADOL COLD FLU 16PCS,Personal Care,,14.9,,Each,2026-07-03 15:44:20
8888008120294,PANADOL COLD RELIEF 12PCS,Personal Care,,12.9,,Each,2026-07-03 15:44:20
8888008120485,PANADOL EXTRA 10PCS,Personal Care,,5.5,,Each,2026-07-03 15:44:20
8888008120430,PANADOL EXTRA 20PCS,Personal Care,,10.5,,Each,2026-07-03 15:44:20
8888008110691,PANADOL MEDICINE SUSPENSION 6+,Personal Care,,10.5,,Each,2026-07-03 15:44:20
9556029512013,Panadol Menstrual,Personal Care,,10.9,0,Each,2026-07-09T12:56:54
8888008110608,Panadol Muscle&joint 18s,Personal Care,,10.7,0,Each,2026-07-10T19:50:53
8888008111025,PANADOL PANAFLEX 1X24,Personal Care,,3,,Each,2026-07-03 15:44:20
8888008111056,PANADOL PANAFLEX 4 PES,Personal Care,,5.5,,Each,2026-07-03 15:44:20
PX,Panadol Xtra 2pcs,Personal Care,,1.5,1.2,Each,2026-07-03 15:44:20
p,Panadol2pcs,Personal Care,,1.2,1,Each,2026-07-03 15:44:20
8888008111032,PANAFLEX EXTRA 30G,Personal Care,,7.2,,Each,2026-07-03 15:44:20
9556019304536,Panaflex Hot Patch 5s,Personal Care,,6,,Each,2026-07-03 15:44:20
8885008902639,Panchrangi Dhall,Indian Provision,,2.4,,Each,2026-07-03 15:44:20
6975073835948,Panda Cake,Bakery Goods,,1,,Each,2026-07-03 15:44:20
9555719717547,Pandan Swiss Roll,Snacks,,3.8,,Each,2026-07-03 15:44:20
4987167014322,Panfix Cellulose Tape,General Merchandise,,1,,Each,2026-07-03 15:44:20
8904064610354,Panner Doda 250g,Indian Provision,,3.6,,Each,2026-07-03 15:44:20
pc,Paper Cups 25 PCS,Household Products,,1.5,,Each,2026-07-03 15:44:20
89002940,Parachute 100ml,Personal Care,,1.6,0,Each,2026-07-09T21:54:37
8901088045674,Parachute Jasmine,Personal Care,,2.8,,Each,2026-07-03 15:44:20
8901088047043,Parachute oil 100ML,Personal Care,,1.6,,Each,2026-07-03 15:44:20
8901200000451,PARACHUTE OIL 500ML,Personal Care,,4.6,,Each,2026-07-03 15:44:20
8901088000345,Parachute200ML,Personal Care,,2.8,,Each,2026-07-03 15:44:20
8901184121883,Parimal Mangapuja,Poojai Items,,2.9,,Each,2026-07-03 15:44:20
8901184119996,Parimal Pure Rose L,Poojai Items,,3.5,3.5,Each,2026-07-03 15:44:20
8901184120183,Parimal Pure Rose,Poojai Items,,3.5,3.5,Each,2026-07-03 15:44:20
8901184112959,Parimal Sandal L,Poojai Items,,3.5,,Each,2026-07-03 15:44:20
8901184117930,PARIMAL Sandal,Poojai Items,,3,,Each,2026-07-03 15:44:20
8888196184214,Passion Fruit Tea,Beverages,,1.5,,Each,2026-07-03 15:44:20
8888001742356,PD Peach,Beverages,,1.2,,Each,2026-07-03 15:44:20
8888196189035,Peach Oolong 500ml,Beverages,,1.6,0,Each,2026-07-19T14:48:16
8888196172211,PEACH TEA 500 ML,Beverages,,1.6,,Each,2026-07-03 15:44:20
8909840193335,Peanut Candy,Snacks,,3.3,,Each,2026-07-03 15:44:20
8901030545825,Pears B,Personal Care,,1.5,,Each,2026-07-03 15:44:20
081364363734,PEI PA KOA Con Pack,Personal Care,,9.3,,Each,2026-07-03 15:44:20
4711577032900,Pental Correction Tape,General Merchandise,,1.9,,Each,2026-07-03 15:44:20
4711577035864,Pental Highlighter Bl,General Merchandise,,1.5,0,Each,2026-07-10T12:52:14
4711577031941,Pental Highlighter Gr,General Merchandise,,1.5,0,Each,2026-07-10T12:51:44
4711577031927,Pental Hl Lg,General Merchandise,,1.5,0,Each,2026-07-10T12:53:39
4711577031989,Pental Hl Org,General Merchandise,,1.5,0,Each,2026-07-10T12:53:21
4711577031965,Pental Hl P,General Merchandise,,1.5,0,Each,2026-07-10T12:53:54
884851042828,Pental P Marker,General Merchandise,,1.8,,Each,2026-07-03 15:44:20
4902506074782,Pental WB Marker,General Merchandise,,1.6,,Each,2026-07-03 15:44:20
884851042804,Pentel P Marker,General Merchandise,,1.8,0,Each,2026-07-16T19:54:56
8801062015337,PEPERO ALMOND,Snacks,,1.5,,Each,2026-07-03 15:44:20
8801062015344,PEPERO White,Snacks,,1.5,,Each,2026-07-03 15:44:20
9556404001996,Pepsi 24*320ml,Beverages,,19,,Each,2026-07-03 15:44:20
9556404001033,Pepsi 320ml,Beverages,,1,,Each,2026-07-03 15:44:20
8999999030186,Pepsodent,Personal Care,,2.2,,Each,2026-07-03 15:44:20
7891515489922,Perdix Chicken Franks,Frozen Food,,1.8,,Each,2026-07-03 15:44:20
8935006352223,Phaner Pie,Snacks,,2.5,0,Each,2026-07-10T16:22:02
4800016644504,Piattos Cheese,Snacks,,1.3,,Each,2026-07-03 15:44:20
8906000210024,Pillsbury Atta 1kg,Indian Provision,,3,,Each,2026-07-03 15:44:20
4902505084836,Pilot 145f,General Merchandise,,1.2,0,Each,2026-07-10T12:13:49
4902505163111,Pilot Bl G2 5 R,General Merchandise,,2.3,0,Each,2026-07-16T19:51:58
4902505154881,PILOT BL-GP-10R-M-B,General Merchandise,,2,,Each,2026-07-03 15:44:20
4902505163128,Pilot G2 05 Blue,General Merchandise,,2.3,0,Each,2026-07-16T19:51:27
4902505163104,PILOT G-2 -5-B (BLACK),General Merchandise,,2.3,,Each,2026-07-03 15:44:20
4902505521447,Pilot Juice 0.4 Bl,General Merchandise,,2.8,0,Each,2026-07-10T12:23:19
4902505521423,Pilot Juice 0.4 Blk,General Merchandise,,2.8,0,Each,2026-07-10T12:19:48
4902505511097,Pilot P Marker,General Merchandise,,1.5,0,Each,2026-07-16T19:43:49
4902505511110,Pilot P Marker Blue,General Merchandise,,1.5,0,Each,2026-07-16T19:46:26
4902505511103,Pilot P Marker R,General Merchandise,,1.5,0,Each,2026-07-16T19:44:57
4902505528972,Pilot Redgrip 0.7 Cv,General Merchandise,,2.2,0,Each,2026-07-09T20:22:55
4902505084812,Pilot Retractable Pen,General Merchandise,,1.2,0,Each,2026-07-10T12:14:33
4902505324611,Pilot Rexgrip 0.5 L,General Merchandise,,2.2,0,Each,2026-07-09T20:46:35
4902505256356,Pilot Rexgrip 0.5 Pg5,,,2.2,0,Each,2026-07-09T20:47:59
4902505324598,Pilot Rexgrip 0.5b V,General Merchandise,,2.2,0,Each,2026-07-09T20:30:45
4902505364198,Pilot Rexgrip 0.5bgd,Canned Food,,2.2,0,Each,2026-07-09T20:29:53
4902505256387,Pilot Rexgrip 0.5ps,General Merchandise,,2.2,0,Each,2026-07-09T20:49:56
4902505528989,Pilot Rexgrip 0.7 Cb,General Merchandise,,2.2,0,Each,2026-07-09T20:23:28
4902505528958,Pilot Rexgrip 0.7cb,General Merchandise,,2.2,0,Each,2026-07-09T20:27:10
4902505529009,Pilot Rexgrip 0.7clg,General Merchandise,,2.2,0,Each,2026-07-09T20:26:33
4902505528996,Pilot Rexgrip 0.7pg,General Merchandise,,2.2,0,Each,2026-07-09T20:27:44
4902505417498,Pilot RT Friction Blk,General Merchandise,,2.7,,Each,2026-07-03 15:44:20
4902505417511,Pilot RT Friction Blue,General Merchandise,,2.7,,Each,2026-07-03 15:44:20
4902505154898,PILOT SUPER GRIP,General Merchandise,,2,,Each,2026-07-03 15:44:20
4902505154904,Pilot Super Grip M,General Merchandise,,2,0,Each,2026-07-09T20:07:05
4902505355769,Pilot Wb Marker Blk,General Merchandise,,1.6,0,Each,2026-07-16T19:49:09
4902505355783,Pilot Wb Marker Blue,General Merchandise,,1.5,0,Each,2026-07-16T19:48:40
4902505355776,Pilot Wb Marker Red,General Merchandise,,1.6,0,Each,2026-07-16T19:49:27
8888640083681,Pineapple,Beverages,,1.1,,Each,2026-07-03 15:44:20
9556085709815,Ping Pong,Snacks,,2.6,0,Each,2026-07-12T19:35:39
8888200705473,Pink Grapefruit,F&n,,1,,Each,2026-07-03 15:44:20
8888200141110,Pink Guava 946ml,F&n,,2.8,,Each,2026-07-03 15:44:20
8901468110015,Pitambari,Household Products,,2.6,,Each,2026-07-03 15:44:20
8719200752276,Planta 240g,Breakfast Items,,3.8,0,Each,2026-07-20T12:00:55
8719200752290,Planta 480g,Dairy Products,,5.9,0,Each,2026-07-13T20:14:27
8886345365170,PLUM DICE 95GM,Snacks,,1.3,,Each,2026-07-03 15:44:20
8997035563414,Pocari Sweat 450ml,Beverages,,1.5,0,Each,2026-07-10T19:59:58
8997035600041,POCARI SWEET,Beverages,,1.5,,Each,2026-07-03 15:44:20
8990044000000,Pocky Choc,Snacks,,1.5,,Each,2026-07-03 15:44:20
8990044000024,Pocky Cookies,Snacks,,1.5,,Each,2026-07-03 15:44:20
8851019210124,Pocky S,Snacks,,1.5,,Each,2026-07-03 15:44:20
8990044000017,Pocky Strawberry,Snacks,,1.5,,Each,2026-07-03 15:44:20
8888196174536,Pokka Blueberry 1.5l,Beverages,,2.6,0,Each,2026-07-09T20:50:34
8888196174635,Pokka Blueberry 500ml,Beverages,,1.6,0,Each,2026-07-12T21:15:26
8888196174512,POKKA BLUEBERRY TEA 1.5L,Beverages,,2.5,,Each,2026-07-03 15:44:20
8888196700018,POKKA FUJI APPLE,Beverages,,1,,Each,2026-07-03 15:44:20
8888196750518,Pokka Fuji Apple 1.5L,Beverages,,2.5,,Each,2026-07-03 15:44:20
8888196454010,POKKA GREEN TEA,Beverages,,1,,Each,2026-07-03 15:44:20
8888196173447,Pokka Green Tea 1.5,Beverages,,2.7,0,Each,2026-07-09T16:35:08
8888196124128,POKKA GREEN TEA 300ML,Beverages,,1,,Each,2026-07-03 15:44:20
8888196185013,Pokka Honey Lemon,Beverages,,1.5,,Each,2026-07-03 15:44:20
8888196185037,Pokka Honey Lemon 500ml,Beverages,,1.6,0,Each,2026-07-10T16:46:39
8888196190215,Pokka Honey Yuzu,Beverages,,1.5,,Each,2026-07-03 15:44:20
8888196170231,Pokka Lemon Tea 1.5L,Beverages,,2.6,,Each,2026-07-03 15:44:20
8888196120045,Pokka Lemon Tea 300ml,Beverages,,1.1,0,Each,2026-07-10T13:46:32
8888196172624,POKKA LYCHEE TEA 500ML,Beverages,,1.5,,Each,2026-07-03 15:44:20
8888196303936,Pokka Milk Coffee,Beverages,,2,0,Each,2026-07-09T13:46:42
8888196303837,Pokka Milk Tea 500ml,Beverages,,2,0,Each,2026-07-13T12:26:02
8888196170736,Pokka Oolong Tea 500ml,Beverages,,1.6,0,Each,2026-07-10T19:57:55
8888196190611,Pokka Orange 1000,Beverages,,1.5,,Each,2026-07-03 15:44:20
8888196903211,Pokka P Mocha,Beverages,,1.8,,Each,2026-07-03 15:44:20
8888196191311,Pokka Peach 1000,Beverages,,1.5,,Each,2026-07-03 15:44:20
8888196172235,Pokka Peach 500ml,Beverages,,1.6,0,Each,2026-07-09T14:13:33
8888196181510,POKKA PEACH TEA 500ML,Beverages,,1.5,,Each,2026-07-03 15:44:20
8888196905338,Pokka Rosemilk500ML,Beverages,,2,,Each,2026-07-03 15:44:20
8888196122827,POKKA SOURSOP 300ML,Beverages,,1.2,,Each,2026-07-03 15:44:20
8888196190338,Pokka Soursop 500ml,Beverages,,1.6,,Each,2026-07-03 15:44:20
8888196183637,Pokka Strawberry 500ml,Beverages,,1.6,0,Each,2026-07-10T18:44:14
8851019110110,Pokky Choc,Snacks,,1.5,0,Each,2026-07-09T17:53:52
8885000035991,POLAR Nature Drops,Snacks,,1.3,,Each,2026-07-03 15:44:20
9556019307841,POLIDENT MAX,Personal Care,,9.5,,Each,2026-07-03 15:44:20
8999999053031,PONDS B BEAUTY,Personal Care,,3.8,,Each,2026-07-03 15:44:20
8901030869013,Ponds D Flower,Personal Care,,2.3,,Each,2026-07-03 15:44:20
8901030323812,PONDS MAGIC 100G,Personal Care,,2.2,,Each,2026-07-03 15:44:20
8901030638985,PONDS OIL CONTROL 100G,Personal Care,,1.3,,Each,2026-07-03 15:44:20
8901030869112,Ponds Sandal,Personal Care,,2.3,,Each,2026-07-03 15:44:20
8886310344889,Pop Corn Chicken,Frozen Food,,10.9,,Each,2026-07-03 15:44:20
8886345362797,POP Snacks,Snacks,,2,,Each,2026-07-03 15:44:20
9555050209282,Popo Murukku,Snacks,,1.3,0,Each,2026-07-19T18:52:27
9555050201187,Popo Murukku 24*12,Snacks,,5.6,0,Each,2026-07-16T18:48:35
8886345367556,Pops Snack Cheese,Snacks,,2,,Each,2026-07-03 15:44:20
8888970696964,POTATO STARCH,Kitchen Essentials,,2.5,,Each,2026-07-03 15:44:20
9555856400180,PPL Choc Wafer,Snacks,,6.3,,Each,2026-07-03 15:44:20
9555856400371,PPL Chocl Wafer,Snacks,,2,,Each,2026-07-03 15:44:20
670221550860,Pran Almond,Beverages,,1.3,,Each,2026-07-03 15:44:20
846656011577,PRAN Lassi,Beverages,,1.2,,Each,2026-07-03 15:44:20
846656001080,Pran Puffed Rice,,,1,0,Each,2026-07-17T22:16:10
8851016011168,prawn crackers,Snacks,,2.4,,Each,2026-07-03 15:44:20
8852086005217,PRICKLY HEAT CLASSIC,Personal Care,,3,,Each,2026-07-03 15:44:20
8886350000042,PRIMA Bread Flour,Kitchen Essentials,,3,,Each,2026-07-03 15:44:20
8886350000011,PRIMA PLAIN FLOUR 1KG,Kitchen Essentials,,2.8,,Each,2026-07-03 15:44:20
8886350000028,PRIMA SELF RAISING FLOUR 1KG,Kitchen Essentials,,3.2,,Each,2026-07-03 15:44:20
8886467100109,PRINGLES BBQ,Indian Snacks,,3.6,,Each,2026-07-03 15:44:20
8886467100093,PRINGLES CHEESE,Indian Snacks,,3.6,,Each,2026-07-03 15:44:20
8886467100116,PRINGLES HOT & SPICY,Indian Snacks,,3.6,,Each,2026-07-03 15:44:20
8886467100079,PRINGLES ORI,Indian Snacks,,3.6,,Each,2026-07-03 15:44:20
8886467100239,PRINGLES Original,Indian Snacks,,2,,Each,2026-07-03 15:44:20
8886467100253,PRINGLES SC& ONION,Snacks,,2,,Each,2026-07-03 15:44:20
8886467100086,PRINGLES SOUR CREAM,Indian Snacks,,3.6,,Each,2026-07-03 15:44:20
785018012060,Priya Cut Mango,Indian Provision,,2.4,,Each,2026-07-03 15:44:20
785018087235,PRIYA GARLIC 300GM,Indian Provision,,3.2,,Each,2026-07-03 15:44:20
785018012091,PRIYA GARLIC PICKLE 300G,Indian Provision,,2.4,,Each,2026-07-03 15:44:20
785018087242,PRIYA GINGER GARLIC 300GM,Indian Provision,,2.8,,Each,2026-07-03 15:44:20
785018087228,PRIYA GINGER PASTE 300G,Indian Provision,,3.2,,Each,2026-07-03 15:44:20
785018012176,PRIYA GREEN CHILLI 300G,Indian Provision,,2.6,,Each,2026-07-03 15:44:20
785018012282,PRIYA LIME PICKLE 300G,Indian Provision,,2.2,,Each,2026-07-03 15:44:20
785018012336,PRIYA PICKELS 300G,Indian Provision,,2.4,,Each,2026-07-03 15:44:20
785018012299,PRIYA PICKLES 300G,Indian Provision,,2.4,,Each,2026-07-03 15:44:20
8906009518527,Priyam Crystal Salt,Kitchen Essentials,,1.3,,Each,2026-07-03 15:44:20
8907300123465,Puli Mark Shikakai,Personal Care,,2.2,,Each,2026-07-03 15:44:20
8886345365200,PUMPKIN SEEDS 95GM,Snacks,,1.3,,Each,2026-07-03 15:44:20
9555761800495,Pursoft 12*8,Personal Care,,1.5,0,Each,2026-07-16T18:52:42
9555761801539,Pursoft 3 ply,Household Products,,5.2,,Each,2026-07-03 15:44:20
9555761801058,PurSoft 3fly,Household Products,,5.8,,Each,2026-07-03 15:44:20
9555761800952,Pursoft P Tissue,Household Products,,4.9,,Each,2026-07-03 15:44:20
9555761800433,PurSoft Toilet Roll,Household Products,,5.9,,Each,2026-07-03 15:44:20
8851096020012,PUSHPOP,Snacks,,1.5,,Each,2026-07-03 15:44:20
9556065000376,PUTTU FLOUR 500 GRMS,Indian Provision,,2.8,,Each,2026-07-03 15:44:20
9556174815458,Q Original 3 in 1,Breakfast Items,,6.2,,Each,2026-07-03 15:44:20
9556174711118,Q W Rolled Oatmeal,Breakfast Items,,6.3,,Each,2026-07-03 15:44:20
9310324876665,Q.B.B GHEE 1.814KG,Indian Provision,,27.8,,Each,2026-07-03 15:44:20
9310324876566,Q.B.B GHEE 150G,Indian Provision,,4.6,,Each,2026-07-03 15:44:20
9310324876627,Q.B.B GHEE 454G,Indian Provision,,11.2,,Each,2026-07-03 15:44:20
9310324876634,Q.B.B GHEE 907G,Indian Provision,,21.9,,Each,2026-07-03 15:44:20
9551022471855,QOO Apple,Beverages,,1.3,,Each,2026-07-03 15:44:20
8888002133023,QOO WHITE GRAPE 300ML,Beverages,,1.3,,Each,2026-07-03 15:44:20
9556174802274,QUAKER OATMEAL 400G Instant,Breakfast Items,,3.6,,Each,2026-07-03 15:44:20
9556174802281,QUAKER OATMEAL 400G Quick,Breakfast Items,,3.6,,Each,2026-07-03 15:44:20
8908004097014,R.S. PATHY,Personal Care,,2.7,2.9,Each,2026-07-03 15:44:20
9556065000154,RAGI FLOUR 500 GRM,Indian Provision,,2.1,,Each,2026-07-03 15:44:20
8881300031053,RAINBOW M OIL,Personal Care,,7.9,,Each,2026-07-03 15:44:20
8906031883013,Rajam Sukku Coffee,Breakfast Items,,2.9,,Each,2026-07-03 15:44:20
8906031880104,Rajam Sukku Coffee 200g,Indian Provision,,2.9,0,Each,2026-07-18T18:13:13
PB,RAJAS PEANUT BALLS 100GM,Indian Snacks,,1.3,,Each,2026-07-03 15:44:20
8906055100028,Rajdhani Besan,Indian Provision,,2.9,,Each,2026-07-03 15:44:20
9556065000321,RAVA DOSAI MIX 500 GMS,Indian Provision,,2.2,,Each,2026-07-03 15:44:20
8902967200252,RC 375cl,Liquor,,23.7,,Each,2026-07-03 15:44:20
8885000870530,RC Barbecue,Snacks,,1.3,,Each,2026-07-03 15:44:20
8885000870516,RC Cheese,Snacks,,1.3,,Each,2026-07-03 15:44:20
9556196101737,RC Spicy Chicken,Snacks,,1.3,,Each,2026-07-03 15:44:20
4809010740212,RDL Papaya Soap,Personal Care,,2,,Each,2026-07-03 15:44:20
8935112200005,RED BULL,Beverages,,1,,Each,2026-07-03 15:44:20
VEG08,Red Chilli,Vegetable,,12,0,KG,2026-07-17T15:16:11
8904209309952,Red Chilli Pickle,Indian Provision,,2.4,,Each,2026-07-03 15:44:20
8886456600276,Red Chilli R,Indian Provision,,2.2,,Each,2026-07-03 15:44:20
8901030081934,RED LABEL 245GM,Breakfast Items,,3.6,,Each,2026-07-03 15:44:20
8901030193156,RED LABEL 250GM,Breakfast Items,,3.1,,Each,2026-07-03 15:44:20
8901030893599,Red Label 500g,Breakfast Items,,7.6,,Each,2026-07-03 15:44:20
8901030283703,RED LABEL TEA 245 GM,Breakfast Items,,3.6,,Each,2026-07-03 15:44:20
VEG09,Red Onion,Vegetable,,2,0,KG,2026-07-17T15:16:11
8886345364784,RED PEACH 95GM,Snacks,,1.3,,Each,2026-07-03 15:44:20
9557941202020,Redbean,Ice Cream,,0.8,,Each,2026-07-03 15:44:20
8850228000151,RedBull G,Beverages,,1,,Each,2026-07-03 15:44:20
RB,Redbull,Beverages,,1,1,Each,2026-07-03 15:44:20
8850228011072,Redbull 24s,Beverages,,18,,Each,2026-07-03 15:44:20
8850228009222,Redbull R,Beverages,,1,0,Each,2026-07-09T13:35:16
9002490292126,Redbull Sugar free,Beverages,,2.9,,Each,2026-07-03 15:44:20
6908594416037,Relax Night 35cm,Personal Care,,5.4,,Each,2026-07-03 15:44:20
6927507100450,RENNE Honey,Kitchen Essentials,,4.2,,Each,2026-07-03 15:44:20
309978695103,REVLON Blk,Personal Care,,5.8,,Each,2026-07-03 15:44:20
309978695202,REVLON Brown Blk,Personal Care,,5.8,,Each,2026-07-03 15:44:20
309978695301,REVLON D Brown,Personal Care,,5.8,,Each,2026-07-03 15:44:20
4800888142771,Rexona Roll,Personal Care,,2.9,,Each,2026-07-03 15:44:20
4800888191212,Rexona Popular,Personal Care,,2.9,,Each,2026-07-03 15:44:20
4800888204530,Rexona,Personal Care,,2.9,,Each,2026-07-03 15:44:20
4800888158499,Rexona Adventure,Personal Care,,2.9,,Each,2026-07-03 15:44:20
4800888143389,Rexona Ice Cool,Personal Care,,2.9,0,Each,2026-07-15T22:15:06
4800888203779,Rexona Rose,Personal Care,,2.9,,Each,2026-07-03 15:44:20
4800888150639,Rexona Shower Clean,Personal Care,,2.9,,Each,2026-07-03 15:44:20
4800888147929,Rexona VB,Personal Care,,2.9,,Each,2026-07-03 15:44:20
4800888186027,Rexona Xtra Cool,Personal Care,,2.9,,Each,2026-07-03 15:44:20
8885012299800,Ribena Bc0350ml,Beverages,,1.8,0,Each,2026-07-17T14:17:31
8885012299466,Ribena Cordial,Beverages,,8.9,,Each,2026-07-03 15:44:20
8885012296793,Ribena Jelly Drink,Beverages,,1.8,,Each,2026-07-03 15:44:20
8885012290371,Ribena Light,Beverages,,1.8,,Each,2026-07-03 15:44:20
8885012291057,RIBENA PASTILLS,Snacks,,2.2,,Each,2026-07-03 15:44:20
8885012296779,Ribena Strawberry,Beverages,,1.8,,Each,2026-07-03 15:44:20
8886456600474,RICE FLAKES (THICK) 500G,Indian Provision,,1.6,,Each,2026-07-03 15:44:20
8886456600368,RICE VADAM 250 GM,Indian Provision,,1.8,,Each,2026-07-03 15:44:20
8888231500252,RICE VINEGAR 600ML,Condiments & Sauce,,2.3,,Each,2026-07-03 15:44:20
8886456600481,RICEFLAKES (MEDIUM) 500G,Indian Provision,,1.6,,Each,2026-07-03 15:44:20
8901030190728,RIN SURF EXCEL 250G,Household Products,,1.5,,Each,2026-07-03 15:44:20
8851096010013,Ringpop,Snacks,,0.6,,Each,2026-07-03 15:44:20
8901030882579,RL Natural Care 500g,Personal Care,,7.9,,Each,2026-07-03 15:44:20
8888970698906,RM Corn Starch,Kitchen Essentials,,1.8,,Each,2026-07-03 15:44:20
8888546752506,Roasted Gram Dhall 250g,Indian Provision,,1.4,,Each,2026-07-03 15:44:20
8901242107415,Roasted Vermicelli,Kitchen Essentials,,2.6,,Each,2026-07-03 15:44:20
9310488321117,Robitussin,Personal Care,,10.9,,Each,2026-07-03 15:44:20
9556854000013,Rock Sugar Pck,Kitchen Essentials,,1.8,,Each,2026-07-03 15:44:20
9556854007555,Rock Sugar,Kitchen Essentials,,2,,Each,2026-07-03 15:44:20
6971589118865,Roll Garlic,Vegetable,,1.2,0,Each,2026-07-03T16:52:06
8886345365217,ROLL JELLY,Snacks,,1.3,,Each,2026-07-03 15:44:20
RP,Roll Plastic,Household Products,,2.9,2.7,Each,2026-07-03 15:44:20
8888970361152,Rooster B Pepper Powder 35g,Kitchen Essentials,,2.3,0,Each,2026-07-11T11:21:43
8888970361138,Rooster Paper Powder 80g,Kitchen Essentials,,4.4,0,Each,2026-07-10T11:09:57
8888970474715,Rooster Sea Salt,Kitchen Essentials,,1.2,,Each,2026-07-03 15:44:20
8888001740291,ROSE BONDUNG 300ML,Beverages,,1.1,,Each,2026-07-03 15:44:20
072632410618,Rose Water,Poojai Items,,1,,Each,2026-07-03 15:44:20
8902967200245,Royal Challange 750ml,Liquor,,47.5,,Each,2026-07-03 15:44:20
8902967200269,Royal Challanger 200ml,Liquor,,11.9,,Each,2026-07-03 15:44:20
8888090720013,Royal Umbrella 1kg,Rice,,4.1,,Each,2026-07-03 15:44:20
8888090720051,ROYAL UMBRELLA RICE 5KG,Rice,,16.5,,Each,2026-07-03 15:44:20
8906002175024,RRO MUSTARD OIL 1L,Cooking Oil,,6.6,,Each,2026-07-03 15:44:20
8906002175000,RRO MUSTARD OIL 200ML,Cooking Oil,,1.8,,Each,2026-07-03 15:44:20
8906002175017,RRO MUSTARD OIL 500ML,Cooking Oil,,3.4,,Each,2026-07-03 15:44:20
8886461601190,Rubber Glove S,General Merchandise,,2.4,,Each,2026-07-03 15:44:20
800524002135,Ruchi Garlic Pickle,Indian Provision,,2.6,0,Each,2026-07-15T20:44:36
1200108000004,Ruffles Cheese,Snacks,,5.4,,Each,2026-07-03 15:44:20
1200108000028,Ruffles Original,Snacks,,5.4,,Each,2026-07-03 15:44:20
1200108000660,Ruffles SC & Onion,Snacks,,5.4,,Each,2026-07-03 15:44:20
8904477204652,RVK Camphor,Poojai Items,,2.4,,Each,2026-07-03 15:44:20
8887522603733,S Longan,Canned Food,,3,,Each,2026-07-03 15:44:20
8888260001379,S Poh Chai Mee,Noodles,,1.9,,Each,2026-07-03 15:44:20
8886456601426,SA PALMYRA SUGAR 100G,Kitchen Essentials,,1,,Each,2026-07-03 15:44:20
8904073707427,SAGO 200G,Indian Provision,,1.2,,Each,2026-07-03 15:44:20
8886456604298,SAGO 200M,Canned Food,,1.3,,Each,2026-07-03 15:44:20
8886456604304,SAGO 500G,Canned Food,,2.2,,Each,2026-07-03 15:44:20
8904073707304,SAGO 500GM,Indian Provision,,2.2,,Each,2026-07-03 15:44:20
8935106509183,SALONPAS 10PCS,Personal Care,,2.4,,Each,2026-07-03 15:44:20
8935106211314,SALONPAS 12S,Personal Care,,1.7,,Each,2026-07-03 15:44:20
8935106211321,Salonpas 20,Personal Care,,3.9,,Each,2026-07-03 15:44:20
8935106505093,Salonpas 20P,Personal Care,,4.3,,Each,2026-07-03 15:44:20
4987188521403,SALONPAS 5 PATCHES,Personal Care,,4.9,,Each,2026-07-03 15:44:20
346581440041,Salonpas Jet Spray,Personal Care,,12.4,,Each,2026-07-03 15:44:20
8887300032113,SALTED CASHEW NUTS,Snacks,,2.9,,Each,2026-07-03 15:44:20
8888279300135,Salted Egg,Snacks,,2.9,,Each,2026-07-03 15:44:20
8888279300142,Salted Egg Spicy,Snacks,,2.9,,Each,2026-07-03 15:44:20
8850291281815,Salted Pistachios,Snacks,,5.8,0,Each,2026-07-18T17:29:35
8999909828568,SAMPOERNA A Menthol,Tobacco,,18.2,,Each,2026-07-03 15:44:20
8999909873568,SAMPOERNA A Red,Tobacco,,18.3,,Each,2026-07-03 15:44:20
8999909000667,SAMPOERNA U,Tobacco,,17,,Each,2026-07-03 15:44:20
8801073211216,SAMYANG 2x Spicy,Noodles,,3.2,,Each,2026-07-03 15:44:20
8801073141896,Samyang 2xSpicy,Noodles,,9.1,,Each,2026-07-03 15:44:20
8801073142312,Samyang Carbonara 5s,Noodles,,9.1,,Each,2026-07-03 15:44:20
8801073211506,Samyang Carbonara bowl,Noodles,,3.2,,Each,2026-07-03 15:44:20
8801073141780,SAMYANG Cheese 5s,Noodles,,9.1,,Each,2026-07-03 15:44:20
8801073211056,SAMYANG Cheese,Noodles,,3.2,,Each,2026-07-03 15:44:20
8801073140578,Samyang Chicken 5s,Noodles,,8.7,,Each,2026-07-03 15:44:20
8801073210363,SAMYANG Chicken,Noodles,,3.2,,Each,2026-07-03 15:44:20
8908013705009,Sandal Powder,Personal Care,,1.2,,Each,2026-07-03 15:44:20
8901399000591,SANTOOR SOAP 90GM,Personal Care,,1.2,,Each,2026-07-03 15:44:20
8886345365279,SANWICH JELLY,Snacks,,1.3,,Each,2026-07-03 15:44:20
4901681143115,Sarasa Gel 0.5 Blk,General Merchandise,,2.2,0,Each,2026-07-10T12:46:12
4901681143122,Sarasa Gel 0.5bl,General Merchandise,,2.2,0,Each,2026-07-10T12:47:01
4901681143221,Sarasa Gel 0.7bl,General Merchandise,,2.2,0,Each,2026-07-10T12:48:26
4901681143214,Sarasa Gel 0.7blk,General Merchandise,,2.2,0,Each,2026-07-10T12:48:00
8888200713195,Sarsi 320ml,Beverages,,1.1,,Each,2026-07-03 15:44:20
8906126560003,SATTUR SNACKS,Snacks,,1,,Each,2026-07-03 15:44:20
8906126560010,sattur snacks 350g,Snacks,,2.8,,Each,2026-07-03 15:44:20
9555220705279,Savoury Bun,Bakery Goods,,1.8,,Each,2026-07-03 15:44:20
8850304000068,Sb Scrub Sponge,Household Products,,1.2,0,Each,2026-07-15T13:28:18
8850304006541,Sb Ss Scrubber,General Merchandise,,1.5,0,Each,2026-07-15T13:29:37
8888002066000,SCHWEPPES GINGER 330ML,Beverages,,1.3,,Each,2026-07-03 15:44:20
8886461604665,Scissors 08A,General Merchandise,,4.3,,Each,2026-07-03 15:44:20
8886461601305,Scissors K024,General Merchandise,,3.8,,Each,2026-07-03 15:44:20
8850304018285,SCOTCH BRITE,General Merchandise,,1.5,,Each,2026-07-03 15:44:20
8888047854679,Scotch Brite Ds,General Merchandise,,3.6,,Each,2026-07-03 15:44:20
8850304007678,Scotch Foam Tape,General Merchandise,,4.3,,Each,2026-07-03 15:44:20
8886461600704,SCOURING PAD,Household Products,,1.8,,Each,2026-07-03 15:44:20
6291015007120,Scouring Sponge,Household Products,,3.4,,Each,2026-07-03 15:44:20
8888010200618,SCS CHEESE SLICES 12,Frozen Food,,3.2,,Each,2026-07-03 15:44:20
9556991000631,SCS Salted Butter,Dairy Products,,6.3,,Each,2026-07-03 15:44:20
8888010200601,Scs Sliced Cheese,Dairy Products,,4.8,0,Each,2026-07-11T16:17:25
8888010201295,SCS Spreadable Butter,Dairy Products,,8.2,,Each,2026-07-03 15:44:20
8888010200595,SCS Unsalted Butter,Dairy Products,,6.3,,Each,2026-07-03 15:44:20
8993176610000,Sea Coconut,Kitchen Essentials,,1,,Each,2026-07-03 15:44:20
8888347012120,Sea Coconut Couch Mix,Personal Care,,6.9,0,Each,2026-07-09T17:52:23
8887726995382,Seal Tape,General Merchandise,,1,,Each,2026-07-03 15:44:20
8850291103605,Seaweed and Wasabi,F&n,,5.6,,Each,2026-07-03 15:44:20
8998866202572,Sedaap Selection,Noodles,,1.2,,Each,2026-07-03 15:44:20
8886345365163,SEEDLESS PLUM 95GM,Snacks,,1.3,,Each,2026-07-03 15:44:20
4710937713916,Selected Plaster,Personal Care,,3.9,0,Each,2026-07-14T19:23:12
9300697105608,Selleys Supe Glue,General Merchandise,,3,,Each,2026-07-03 15:44:20
9555086300182,Selleys Supe Glue 2s,General Merchandise,,4.5,,Each,2026-07-03 15:44:20
9556019302341,SENSODYNE,Personal Care,,8.9,,Each,2026-07-03 15:44:20
9556019302976,SENSODYNE FM,Personal Care,,3.8,,Each,2026-07-03 15:44:20
9556019236134,SENSODYNE FM 2*100g,Personal Care,,5.9,,Each,2026-07-03 15:44:20
9556019236141,SENSODYNE Gum Care,Personal Care,,5.9,,Each,2026-07-03 15:44:20
9556019244672,SENSODYNE GW 100g*2,Personal Care,,5.9,,Each,2026-07-03 15:44:20
9556019303508,SENSODYNE MC 2*100g,Personal Care,,5.9,,Each,2026-07-03 15:44:20
9556019302365,SENSODYNE Whitning,Personal Care,,8.9,,Each,2026-07-03 15:44:20
8888546771002,SESAME SEED 100G,Snacks,,1.2,,Each,2026-07-03 15:44:20
6972183980025,Sewing Tools,Household Products,,1.8,0,Each,2026-07-18T20:25:18
9555630136458,Sf 921,Household Products,,3.9,0,Each,2026-07-18T13:42:48
8850291114304,SG Chilli Guava,Snacks,,1.3,,Each,2026-07-03 15:44:20
8850291114298,SG Chilli Mango,Snacks,,1.3,,Each,2026-07-03 15:44:20
VEG10,Shallot( Small Onion),Vegetable,,6.8,0,KG,2026-07-17T15:16:11
9555448102065,SHARK FISH 200G,Indian Provision,,3.8,,Each,2026-07-03 15:44:20
8887469888859,SHELL,Tobacco,,18.7,,Each,2026-07-03 15:44:20
8887469888873,Shell M,Tobacco,,7.8,0,Each,2026-07-10T15:47:50
8887469888811,Shell S,,,4.2,0,Each,2026-07-21T11:52:37
6942956592021,Shocks,Household Products,,2,,Each,2026-07-03 15:44:20
8850109001130,SIANG PURE OIL 3ML,Personal Care,,1.5,,Each,2026-07-03 15:44:20
8886467014062,Signal T Brush M,Personal Care,,1.4,,Each,2026-07-03 15:44:20
8886467067303,Signal T Brush S,Personal Care,,1.4,,Each,2026-07-03 15:44:20
8902967205813,Signature 180ml,Liquor,,11.8,,Each,2026-07-03 15:44:20
8902967200122,Signature 375ml,Liquor,,23.9,,Each,2026-07-03 15:44:20
8902967200115,Signature 700ml,Liquor,,43.5,,Each,2026-07-03 15:44:20
9555124000012,SIM BELACAN 500GM,Kitchen Essentials,,3.2,,Each,2026-07-03 15:44:20
5000281021621,SINGLETON,Liquor,,72,,Each,2026-07-03 15:44:20
8888260015956,Singlong Peanut 340g,Breakfast Items,,3.6,,Each,2026-07-03 15:44:20
8888260007616,Singlong Peanut Butter,Breakfast Items,,4.9,,Each,2026-07-03 15:44:20
8888260007609,Singlong Peanuut,Breakfast Items,,4.6,,Each,2026-07-03 15:44:20
SSC,Singtel Sim Card,Telecom,,0.1,0,Each,2026-07-04T15:00:30
8888167113014,SIS Brown Sugar,Kitchen Essentials,,4.2,,Each,2026-07-03 15:44:20
8888167023016,SIS FINE SUGAR 1KG,Kitchen Essentials,,2.5,,Each,2026-07-03 15:44:20
8888167033992,SIS Icing Sugar,Kitchen Essentials,,2.4,,Each,2026-07-03 15:44:20
8888167123013,SIS Raw Sugar 800g,Kitchen Essentials,,4.2,,Each,2026-07-03 15:44:20
8888167124980,SIS raw sugar cubes,Kitchen Essentials,,3.4,,Each,2026-07-03 15:44:20
013134170433,SK ORANGE JUICE 2L,F&n,,5,,Each,2026-07-03 15:44:20
037600230933,SKIPPY Creamy,Breakfast Items,,6.3,,Each,2026-07-03 15:44:20
037600231015,SKIPPY SChunk,Breakfast Items,,6.3,,Each,2026-07-03 15:44:20
4897010448061,Skittles Sour,Snacks,,1.5,,Each,2026-07-03 15:44:20
9556057363014,SKOL Strong,Liquor,,4,,Each,2026-07-03 15:44:20
8888260012894,SL Chilli Paste,Kitchen Essentials,,2.3,,Each,2026-07-03 15:44:20
8888260000082,SL CHILLI PRAWN 230G,Canned Food,,3.8,,Each,2026-07-03 15:44:20
8888260014157,SL Friut jam,Breakfast Items,,2.2,,Each,2026-07-03 15:44:20
8888260000013,Sl Gulamalakka,Kitchen Essentials,,4.2,,Each,2026-07-03 15:44:20
8888260009658,SL Hainanse C Rice Paste,Kitchen Essentials,,3.6,,Each,2026-07-03 15:44:20
8888260008316,SL Mayonnaise,Condiments & Sauce,,4.2,,Each,2026-07-03 15:44:20
8888260015949,SL Peanut,Breakfast Items,,3.6,,Each,2026-07-03 15:44:20
8888260000020,SL PICKLED GREEN CHILLI 230G,Indian Provision,,2.2,,Each,2026-07-03 15:44:20
8888260014485,SL S Seaweed,Snacks,,3.9,,Each,2026-07-03 15:44:20
8888260001164,SL SAMBAL BELACAN 230G,Indian Provision,,3.8,,Each,2026-07-03 15:44:20
8888260000112,SL SAMBAL DRIED PRAWN 230G,Indian Provision,,3.3,,Each,2026-07-03 15:44:20
8888260016830,SL XO Kaya,Breakfast Items,,5.1,,Each,2026-07-03 15:44:20
8886345370242,Slice C Cuttlefish,Snacks,,2.8,,Each,2026-07-03 15:44:20
8851818537309,Slimgaurd 25cm 16B,Personal Care,,4.2,,Each,2026-07-03 15:44:20
8888951300170,SLOANS,Personal Care,,4.3,,Each,2026-07-03 15:44:20
8908004803417,SM AVAL M 400G,Indian Provision,,1.6,,Each,2026-07-03 15:44:20
8904064612075,SM AVEL 500G,Indian Provision,,2.1,,Each,2026-07-03 15:44:20
8904064600621,SM Balck Pepper,Indian Provision,,2.2,,Each,2026-07-03 15:44:20
8904064600775,SM BLACK CHANNA 500G,Indian Provision,,1.5,,Each,2026-07-03 15:44:20
8904064647312,SM Black Salt,Indian Provision,,1.8,,Each,2026-07-03 15:44:20
8904064600867,SM BOMBAY TOOR DAL 500G,Indian Provision,,3,,Each,2026-07-03 15:44:20
9555720701009,SM CAMPHOR 180G,Poojai Items,,2.6,,Each,2026-07-03 15:44:20
8904064600201,SM Cardamom,Indian Provision,,1.8,,Each,2026-07-03 15:44:20
8904064600928,SM CHANNA DAL 500G,Indian Provision,,2.2,,Each,2026-07-03 15:44:20
8904064687714,SM Chia Seeds,Indian Provision,,2.7,,Each,2026-07-03 15:44:20
8904064600546,SM Cinnamon,Indian Provision,,2,,Each,2026-07-03 15:44:20
8904064600294,SM CLOVES,Indian Provision,,1.2,,Each,2026-07-03 15:44:20
8904064613812,SM Coconut Oil,Personal Care,,4.8,,Each,2026-07-03 15:44:20
9330900005647,SM Coconut Oil 1L,Personal Care,,10.8,,Each,2026-07-03 15:44:20
8904064600959,SM FRIED GRAM 500G,Indian Provision,,2.7,,Each,2026-07-03 15:44:20
8904064600980,SM GM Dhall Spilit 500g,Indian Provision,,2.8,,Each,2026-07-03 15:44:20
8904064610484,SM Ground nut 500g,Indian Provision,,3.6,,Each,2026-07-03 15:44:20
8904064614932,SM Groundnut Oil,Cooking Oil,,9.8,,Each,2026-07-03 15:44:20
8904064610477,SM GROUNDNUTS 250G,Indian Snacks,,2,,Each,2026-07-03 15:44:20
8966000067905,SM H Pink Slat,Indian Provision,,2.4,,Each,2026-07-03 15:44:20
8904064610873,SM Jaggery Balls 500g,Indian Provision,,2.3,,Each,2026-07-03 15:44:20
8904064611818,SM Long Chilli 100g,Indian Provision,,2,,Each,2026-07-03 15:44:20
8904064646612,SM M GROUNDNUT OIL 1L,Cooking Oil,,8.3,,Each,2026-07-03 15:44:20
8904064646629,SM M SESAME OIL 1L,Cooking Oil,,12.9,,Each,2026-07-03 15:44:20
8904064613669,SM Phool Makhana 200g,Indian Snacks,,6.9,,Each,2026-07-03 15:44:20
8904064611764,SM Puffed Rice,Indian Provision,,2,,Each,2026-07-03 15:44:20
8904064611504,SM RAVA ROASTED 500G,Indian Provision,,2.1,,Each,2026-07-03 15:44:20
8904064610712,SM RED AVAL 500G,Indian Provision,,1.9,,Each,2026-07-03 15:44:20
8904064611801,SM ROASTED RAVA 1KG,Indian Provision,,3.8,,Each,2026-07-03 15:44:20
8904064602533,SM Rock Salt 1kg,Indian Provision,,1.5,,Each,2026-07-03 15:44:20
8904064603134,SM SAGO 250G,Indian Provision,,1.6,,Each,2026-07-03 15:44:20
8904064611825,SM Soya Meat,Indian Provision,,1.8,,Each,2026-07-03 15:44:20
8904064611795,SM SOYA MEAT 200G,Indian Provision,,2,,Each,2026-07-03 15:44:20
8904064612389,SM Soya Meat big,Indian Provision,,1.8,,Each,2026-07-03 15:44:20
8904064613164,SM Sundakkai Vathal,Indian Provision,,2,,Each,2026-07-03 15:44:20
8904064613140,SM T Ponni rice,Rice,,13.9,,Each,2026-07-03 15:44:20
8904064611344,SM Tamarin 500g,Indian Provision,,3.2,,Each,2026-07-03 15:44:20
8904064603035,SM Yellow Mustard,Indian Provision,,2,,Each,2026-07-03 15:44:20
8852086001028,Snake Brand Original,Personal Care,,2.4,0,Each,2026-07-15T17:14:06
8852086001042,Snake Brand Original C Powder,Personal Care,,3.3,0,Each,2026-07-12T17:08:08
9556241600123,SNEK KU original,Snacks,,1.3,,Each,2026-07-03 15:44:20
9556241610306,SNEK KU Seawed,Snacks,,1.3,,Each,2026-07-03 15:44:20
9556241600314,SNEK KU Spicy,Snacks,,1.3,,Each,2026-07-03 15:44:20
8902433030109,SNICKERS,Snacks,,1.6,,Each,2026-07-03 15:44:20
8700000039025,SOAP BOX B,Personal Care,,1.5,,Each,2026-07-03 15:44:20
9555448709004,Soap Box S,Personal Care,,1,,Each,2026-07-03 15:44:20
8901095003018,SOCIETY TEA 500GM,Breakfast Items,,5.8,,Each,2026-07-03 15:44:20
6959657295441,Socks,Personal Care,,2,,Each,2026-07-03 15:44:20
8888002064006,SODA WATER 330ML,Beverages,,1.3,,Each,2026-07-03 15:44:20
9556031065309,Soflan Floral Fantacy,Household Products,,4.2,0,Each,2026-07-16T18:12:22
8886461600476,SOFT MOP 201H,Household Products,,4.5,,Each,2026-07-03 15:44:20
9556031314858,Softlan FF,Household Products,,3.6,,Each,2026-07-03 15:44:20
9556031313547,Softlan Lavender,Household Products,,3.6,,Each,2026-07-03 15:44:20
9556031313530,Softlan Perfume Bloom,Household Products,,3.6,,Each,2026-07-03 15:44:20
9556031313554,Softlan Spring Fresh,Household Products,,3.6,,Each,2026-07-03 15:44:20
077521321013,Soya Bean 300ml,Beverages,,1,0,Each,2026-07-09T12:42:06
8850109001437,SP Oil White,Personal Care,,1.5,,Each,2026-07-03 15:44:20
8888217204600,Spaghetti,Kitchen Essentials,,2.2,,Each,2026-07-03 15:44:20
8888815511117,Sparklimng Water 6s,Beverages,,5.4,,Each,2026-07-03 15:44:20
8888200705794,Sparkling K Peach,Beverages,,1.5,,Each,2026-07-03 15:44:20
8888200705732,Sparkling Lemoonade,Beverages,,1.5,,Each,2026-07-03 15:44:20
8941189600266,Speed,Beverages,,1,,Each,2026-07-03 15:44:20
8886456602188,SPICE MIX 65G,Indian Provision,,1.4,,Each,2026-07-03 15:44:20
8888107003207,Spicy Hot chicken,Noodles,,3.2,,Each,2026-07-03 15:44:20
8888279102074,Spicy Seafood,Noodles,,1.7,,Each,2026-07-03 15:44:20
7622201454548,Spicy Seaweed Spalsh,Noodles,,1.3,,Each,2026-07-03 15:44:20
8888279103286,SPICY TONKOTSU,Noodles,,2.5,,Each,2026-07-03 15:44:20
8885008902462,SPM B Channa,Indian Provision,,2.2,,Each,2026-07-03 15:44:20
8885008901366,SPM Balck Pepper,Indian Provision,,2.6,,Each,2026-07-03 15:44:20
8885008902530,SPM Black Channa 500g,Indian Provision,,2.2,,Each,2026-07-03 15:44:20
8885008902363,SPM Black Cumin,Indian Provision,,1.8,,Each,2026-07-03 15:44:20
8885008902745,SPM Black Gram Spilit,Indian Provision,,2.6,,Each,2026-07-03 15:44:20
8885008902417,SPM Black Raisins,Indian Provision,,2.4,,Each,2026-07-03 15:44:20
8885008902431,SPM Bombay Toor Dhall 500g,Indian Provision,,5.5,,Each,2026-07-03 15:44:20
8885008901823,SPM By leaves,Indian Provision,,1,,Each,2026-07-03 15:44:20
8885008901816,SPM Cardamom,Indian Provision,,2.6,,Each,2026-07-03 15:44:20
8885008901670,SPM Cashews,Indian Snacks,,2.6,,Each,2026-07-03 15:44:20
8885008901809,SPM CLOVE 50g,Indian Provision,,2,,Each,2026-07-03 15:44:20
8885008901878,SPM Coriander Seeds,Indian Provision,,1.4,,Each,2026-07-03 15:44:20
8885008901328,SPM Cumin Seeds 100g,Indian Provision,,2.3,,Each,2026-07-03 15:44:20
8885008900123,SPM Curd Chilli,Indian Provision,,1.8,,Each,2026-07-03 15:44:20
8885008901335,SPM Fennel Seeds 100g,Indian Provision,,1.5,,Each,2026-07-03 15:44:20
8885008901342,SPM Fenugreek,Indian Provision,,1.2,,Each,2026-07-03 15:44:20
8885008901557,SPM FRYUMS TUBES,Indian Provision,,1.8,,Each,2026-07-03 15:44:20
8885008903148,SPM G Monng Spilit,Indian Provision,,2.8,,Each,2026-07-03 15:44:20
8885008902820,SPM Gold ponni 10kg,Indian Provision,,26.9,,Each,2026-07-03 15:44:20
8885008902813,SPM Gold Ponni 5kg,Indian Provision,,14.9,,Each,2026-07-03 15:44:20
8885008902806,SPM H Crystal Salt,Indian Provision,,2.4,,Each,2026-07-03 15:44:20
8885008902790,SPM H Pink Salt,Indian Provision,,2.6,,Each,2026-07-03 15:44:20
8885008900017,SPM Jaggery Ball 500g,Indian Provision,,2.5,,Each,2026-07-03 15:44:20
8885008901021,SPM Jaggery Pdr 500g,Indian Provision,,2.4,,Each,2026-07-03 15:44:20
8885008902202,SPM Jaggery powder,Indian Provision,,3.2,,Each,2026-07-03 15:44:20
8885008902578,SPM Kidney Beans,Indian Provision,,3.1,,Each,2026-07-03 15:44:20
8885008901830,SPM Mace Flakes,Indian Provision,,2.8,,Each,2026-07-03 15:44:20
8885008900185,SPM Mango Vathal,Indian Provision,,1.6,,Each,2026-07-03 15:44:20
8885008900215,SPM Mix Vathal,Indian Provision,,2,,Each,2026-07-03 15:44:20
8885008902493,SPM Moong Dhall,Indian Provision,,2.9,,Each,2026-07-03 15:44:20
8885008901588,SPM mustard urid,Indian Provision,,1.2,,Each,2026-07-03 15:44:20
8885008900369,SPM Palmyra Sugar,Kitchen Essentials,,1.5,,Each,2026-07-03 15:44:20
8885008901977,SPM Pani puri,Indian Provision,,1.6,,Each,2026-07-03 15:44:20
8885008902097,SPM Phool Makhana,Indian Snacks,,8.9,,Each,2026-07-03 15:44:20
8885008902851,SPM Puffed Rice,Indian Provision,,2,,Each,2026-07-03 15:44:20
8885008900079,SPM R Rice Flakes,Indian Provision,,2.4,,Each,2026-07-03 15:44:20
8885008901663,SPM Raisins,Indian Provision,,1.4,,Each,2026-07-03 15:44:20
8885008902561,SPM RAJMA K Beans,Indian Provision,,3.1,,Each,2026-07-03 15:44:20
8885008900048,SPM Rice Flakes W,Indian Provision,,2.1,,Each,2026-07-03 15:44:20
8885008900062,SPM Rice Flakes,Indian Provision,,2.4,,Each,2026-07-03 15:44:20
8885008900055,SPM Rice Flakes Thick,Indian Provision,,1.8,,Each,2026-07-03 15:44:20
8885008900741,SPM Rice Vadam,Indian Provision,,1.8,,Each,2026-07-03 15:44:20
8885008900314,SPM Sago 500g,Indian Provision,,2.6,,Each,2026-07-03 15:44:20
8885008900338,SPM Soya Meal S,Indian Provision,,1.8,,Each,2026-07-03 15:44:20
8885008900321,SPM Soya Meat,Indian Provision,,2.1,,Each,2026-07-03 15:44:20
8885008901380,SPM Spice Mix,Indian Provision,,1.4,,Each,2026-07-03 15:44:20
8885008900383,SPM Sugar Candy,Snacks,,1.2,,Each,2026-07-03 15:44:20
8885008900222,SPM Sundai Vathal,Indian Provision,,1.8,,Each,2026-07-03 15:44:20
8885008900932,SPM Sunflower Oil 1L,Cooking Oil,,4.6,,Each,2026-07-03 15:44:20
8885008902172,SPM Tamarind 500g,Indian Provision,,3.5,,Each,2026-07-03 15:44:20
8885008902448,SPM Toor Dhal,Indian Provision,,3,,Each,2026-07-03 15:44:20
8885008902646,SPM Urid Dhall W 500g,Indian Provision,,2.9,,Each,2026-07-03 15:44:20
8885008902752,SPM Urid dhall 500g,Indian Provision,,2.9,,Each,2026-07-03 15:44:20
8885008902660,SPM White Peas,Indian Provision,,2.8,,Each,2026-07-03 15:44:20
9555674600496,SPONGE CAKE 90G,Bakery Goods,,1.8,,Each,2026-07-03 15:44:20
9555589200699,SPRITE 1.5L,Beverages,,2.5,,Each,2026-07-03 15:44:20
9555589200668,SPRITE 320ML,Beverages,,1,,Each,2026-07-03 15:44:20
9555589200675,SPRITE 500ML,Beverages,,1.5,,Each,2026-07-03 15:44:20
9555589216911,Sprite Zero,Beverages,,2.4,,Each,2026-07-03 15:44:20
9555589216829,Sprite Zero 320ml,Beverages,,1,,Each,2026-07-03 15:44:20
9555589217130,Sprite Zero Lemon,Beverages,,2.5,,Each,2026-07-03 15:44:20
9555170454050,Squre Note Book,General Merchandise,,1,,Each,2026-07-03 15:44:20
791101406036,Sri Ayyanar Incense,Poojai Items,,2.3,,Each,2026-07-03 15:44:20
9555615100603,SRI KUMBAM SAMBRANI,Poojai Items,,2.9,,Each,2026-07-03 15:44:20
8886456601099,SS Dhasangam Cones,Poojai Items,,2.6,,Each,2026-07-03 15:44:20
490626220,SSR Appalam,Indian Provision,,1.3,,Each,2026-07-03 15:44:20
490629026,SSR B Urid Dhall,Indian Provision,,2.8,,Each,2026-07-03 15:44:20
490625370,SSR Banana Chips 200 g,Indian Snacks,,3.4,,Each,2026-07-03 15:44:20
490628032,SSR Banana Chips 100 g,Indian Snacks,,1.6,,Each,2026-07-03 15:44:20
490510119,SSR Black Chickpeas,Indian Provision,,2.2,,Each,2026-07-03 15:44:20
490627214,SSR BS Balls,Indian Snacks,,1.5,,Each,2026-07-03 15:44:20
490626210,SSR Butter Murukku 350 g,Indian Snacks,,3.5,,Each,2026-07-03 15:44:20
490626211,SSR Butter Murukku 100 g,Indian Snacks,,1,,Each,2026-07-03 15:44:20
490627222,SSR Chana Dal,Indian Provision,,1,,Each,2026-07-03 15:44:20
490629012,SSR Chana Dal 500g,Indian Provision,,2.4,,Each,2026-07-03 15:44:20
490625904,SSR CP Coconut Oil 1L,Cooking Oil,,13.9,,Each,2026-07-03 15:44:20
490627212,SSR Crushed Peanut,Indian Snacks,,1.5,,Each,2026-07-03 15:44:20
490629042,SSR Curd Chilli,Indian Provision,,1.5,,Each,2026-07-03 15:44:20
490626103,SSR Dhal Powder,Indian Provision,,2.5,,Each,2026-07-03 15:44:20
490627202,SSR Dry Ginger,Indian Provision,,1.6,,Each,2026-07-03 15:44:20
490627216,SSR FG Balls,Indian Snacks,,1.5,,Each,2026-07-03 15:44:20
490629045,SSR Flower Pappad,Indian Provision,,1.8,,Each,2026-07-03 15:44:20
490625810,SSR Ginger Candy,Indian Snacks,,1.5,,Each,2026-07-03 15:44:20
490629008,SSR GM Dal 500g,Indian Provision,,2.6,,Each,2026-07-03 15:44:20
490627185,SSR Gram Dal,Indian Provision,,1,,Each,2026-07-03 15:44:20
490629109,SSr Green Peas,Indian Provision,,1,,Each,2026-07-03 15:44:20
490626101,SSR Idly Podi,Indian Provision,,2.9,,Each,2026-07-03 15:44:20
490627177,SSR K Boondhi,Indian Snacks,,1,,Each,2026-07-03 15:44:20
490629001,SSR Karasev,Indian Snacks,,1,,Each,2026-07-03 15:44:20
0490627137,SSR Karasev 350g,Indian Snacks,,3.5,,Each,2026-07-03 15:44:20
490629041,SSR Mix Dry Veg,Indian Provision,,2.4,,Each,2026-07-03 15:44:20
490627175,SSR Mixture100g,Indian Snacks,,1,,Each,2026-07-03 15:44:20
490629107,SSR Moong Dal,Indian Provision,,1,,Each,2026-07-03 15:44:20
490626010,SSR Murukku 350 g,Indian Snacks,,3.5,,Each,2026-07-03 15:44:20
490627179,SSR Murukku 100 g,Indian Snacks,,1,,Each,2026-07-03 15:44:20
490510112,SSR Onion Murukku,Indian Snacks,,1,,Each,2026-07-03 15:44:20
490625324,SSR Orange Candy,Indian Snacks,,1.5,,Each,2026-07-03 15:44:20
490627211,SSR Peanut Balls,Indian Snacks,,1.5,,Each,2026-07-03 15:44:20
490625321,SSR Peanut Bar,Indian Snacks,,1.5,,Each,2026-07-03 15:44:20
490627180,SSR Pepper Sev,Indian Snacks,,1,,Each,2026-07-03 15:44:20
490625515,SSR Potato Chips,Indian Snacks,,2,,Each,2026-07-03 15:44:20
490627220,SSR Puffed Rice,Indian Provision,,1.5,,Each,2026-07-03 15:44:20
490626109,SSR Puligare mix,Indian Provision,,2.4,,Each,2026-07-03 15:44:20
490625564,SSR raw cane sugar,Kitchen Essentials,,3.3,,Each,2026-07-03 15:44:20
490627178,SSR Ring Murukku,Indian Snacks,,1,,Each,2026-07-03 15:44:20
490627186,SSr Roasted Cpeas,Indian Provision,,1,,Each,2026-07-03 15:44:20
490627238,SSR Roasted Gram,Indian Provision,,1.5,,Each,2026-07-03 15:44:20
490627189,SSR Roasted Peanut,Indian Provision,,1,,Each,2026-07-03 15:44:20
490626213,SSR Roasted Rava,Indian Provision,,1.8,,Each,2026-07-03 15:44:20
490626241,SSR Rock Sugar,Indian Provision,,1.2,,Each,2026-07-03 15:44:20
490626226,SSR Sago 250g,Indian Provision,,1.4,,Each,2026-07-03 15:44:20
490626227,SSR Sago 500g,Indian Provision,,2.8,,Each,2026-07-03 15:44:20
490627174,SSR Samba Rava,Indian Provision,,3.4,,Each,2026-07-03 15:44:20
490625340,SSR Sillu Karupatti,Indian Snacks,,2.5,,Each,2026-07-03 15:44:20
490626003,SSR Special Karasev 350 g,Indian Snacks,,3.5,,Each,2026-07-03 15:44:20
490627176,SSR Special Karasev 100 g,Indian Snacks,,1,,Each,2026-07-03 15:44:20
490627193,SSR Spicy Thattai,Indian Snacks,,2.5,,Each,2026-07-03 15:44:20
490629046,SSR Stick Pappad,Indian Provision,,1.8,,Each,2026-07-03 15:44:20
490626014,SSR T Murukku,Indian Snacks,,3.5,,Each,2026-07-03 15:44:20
490626108,SSR Vatha Curry,Indian Provision,,3.6,,Each,2026-07-03 15:44:20
490627118,SSR Wheel Chips,Indian Snacks,,1.5,,Each,2026-07-03 15:44:20
490629038,SSR Wheel Pappad,Indian Provision,,1.8,,Each,2026-07-03 15:44:20
490627213,SSR WS Balls,Indian Snacks,,1.5,,Each,2026-07-03 15:44:20
8906081388513,ST Mustard Seeds,Indian Provision,,1.2,,Each,2026-07-03 15:44:20
9556091178353,Stabilo Colour Pencils,General Merchandise,,3.6,0,Each,2026-07-10T12:56:36
9555404901268,Stain Remover,Household Products,,2,0,Each,2026-07-09T13:13:45
8904064600669,STARANI SEED,Indian Provision,,1.6,,Each,2026-07-03 15:44:20
9555674600717,Stew Cake,Bakery Goods,,1.6,,Each,2026-07-03 15:44:20
9555719725290,STEW CAKE(CHEESE),Bakery Goods,,1.7,,Each,2026-07-03 15:44:20
8995182600013,STORMKING MENTHOL B,Tobacco,,9.3,,Each,2026-07-03 15:44:20
8995182600099,STORMKING MENTHOL S,Tobacco,,4.3,,Each,2026-07-03 15:44:20
8995182600037,Stormking Original S,Tobacco,,4.3,,Each,2026-07-03 15:44:20
8995182600068,STORMKING YELLOW BIG,Tobacco,,9.3,,Each,2026-07-03 15:44:20
95500294,Strepsils Cooling Menthol,Snacks,,2.4,,Each,2026-07-03 15:44:20
95500287,Strepsils HL,Snacks,,2.4,,Each,2026-07-03 15:44:20
95506319,Strepsils Hl1,Snacks,,2.2,0,Each,2026-07-11T21:38:39
95505022,Strepsils Menthol,Snacks,,2.4,,Each,2026-07-03 15:44:20
95500300,Strepsils Orange,Snacks,,2.4,,Each,2026-07-03 15:44:20
95506913,Strepsils Orange 8s,Snacks,,2.2,0,Each,2026-07-12T17:48:16
95500270,Strepsils Original,Snacks,,2.4,,Each,2026-07-03 15:44:20
6971186080282,Styllo Lights,General Merchandise,,1.8,,Each,2026-07-03 15:44:20
8888307773344,SUGAR CHESTNUT 500 ML,Beverages,,1.8,,Each,2026-07-03 15:44:20
8887522604037,SUN KEE MACEREL,Canned Food,,2,,Each,2026-07-03 15:44:20
6924187838369,Sunflower Seed,Snacks,,1.7,,Each,2026-07-03 15:44:20
8887522600756,Sunkee Lychee,Canned Food,,2.8,,Each,2026-07-03 15:44:20
8888002180430,Sunkist Apple,F&n,,5,,Each,2026-07-03 15:44:20
89009970,Sunrise Refill 45g,Breakfast Items,,3.5,,Each,2026-07-03 15:44:20
8851932355155,Sunsilk A Dandruff,Personal Care,,4.2,,Each,2026-07-03 15:44:20
8851932355131,Sunsilk B Shine,Personal Care,,4.8,,Each,2026-07-03 15:44:20
8851932355315,Sunsilk C CFresh,Personal Care,,4.2,,Each,2026-07-03 15:44:20
8851932355148,Sunsilk Clean& Fresh,Personal Care,,4.2,,Each,2026-07-03 15:44:20
8851932354318,Sunsilk Condtioning,Personal Care,,4.6,,Each,2026-07-03 15:44:20
8851932355162,Sunsilk Hairfall,Personal Care,,4.2,,Each,2026-07-03 15:44:20
8851932355339,Sunsilk HF Condi,Personal Care,,4.6,,Each,2026-07-03 15:44:20
8851932355261,Sunsilk LF Wash,Personal Care,,6.9,,Each,2026-07-03 15:44:20
8851932355001,Sunsilk Shampoo 160ml,Personal Care,,2.9,,Each,2026-07-03 15:44:20
8851932353878,Sunsilk S Smoth 300ml,Personal Care,,4.2,,Each,2026-07-03 15:44:20
8851932353885,Sunsilk  S M 300ML,Personal Care,,4.2,,Each,2026-07-03 15:44:20
8851932354943,sunslik,Personal Care,,2,,Each,2026-07-03 15:44:20
8851932354301,SUNSLIK COND 320ML,Personal Care,,4.2,,Each,2026-07-03 15:44:20
9556252160081,Sup Bunjut,Kitchen Essentials,,1,0,Each,2026-07-17T12:36:33
8888240056757,Super 3 in 1,Breakfast Items,,7.3,,Each,2026-07-03 15:44:20
8888240003317,Super 3 in 1 original,Breakfast Items,,7,,Each,2026-07-03 15:44:20
8888240054920,Super Brown Rice,Rice,,6.4,,Each,2026-07-03 15:44:20
8888240054579,Super Coffee No Sugar,Breakfast Items,,6.8,,Each,2026-07-03 15:44:20
8888240003416,Super Ginger Tea,Breakfast Items,,6.9,,Each,2026-07-03 15:44:20
8888240054968,Super LS Cereal,Breakfast Items,,5.3,,Each,2026-07-03 15:44:20
5013405653240,SUPER MAX,Personal Care,,0.9,,Each,2026-07-03 15:44:20
8888240056856,Super Milk Tea,Breakfast Items,,7.3,,Each,2026-07-03 15:44:20
8888240054722,Super Milk Tea LS,Breakfast Items,,5.9,,Each,2026-07-03 15:44:20
8888240054852,Super ORI CEREAL,Breakfast Items,,6.4,,Each,2026-07-03 15:44:20
8888240054456,Super Original,Breakfast Items,,6.3,,Each,2026-07-03 15:44:20
8888240056436,Super Original Coffee,Breakfast Items,,6.5,,Each,2026-07-03 15:44:20
8888240053015,Super RICH,Breakfast Items,,7.6,,Each,2026-07-03 15:44:20
8886324513110,Super Value 600g,Breakfast Items,,1.9,,Each,2026-07-03 15:44:20
9555037203555,Super WC Hazelnut,Breakfast Items,,7.7,,Each,2026-07-03 15:44:20
8888240000897,Super White Coffee,Breakfast Items,,7.7,0,Each,2026-07-20T19:56:35
9556023331597,Superring,Snacks,,1.3,0,Each,2026-07-09T14:53:56
8901030814150,Surf Excel,Household Products,,3.4,,Each,2026-07-03 15:44:20
8909106006478,Surf Excel 1kg,Household Products,,5.6,,Each,2026-07-03 15:44:20
8901030166921,SURF EXCEL 250 G,Household Products,,1.4,,Each,2026-07-03 15:44:20
8909106026346,Surf Excel 500g,Household Products,,2.9,,Each,2026-07-03 15:44:20
8901030865169,Surf Excel Bar,Household Products,,1.3,,Each,2026-07-03 15:44:20
0072632410236,SV Camphor,Poojai Items,,2.9,2.9,Each,2026-07-03 15:44:20
8885008900925,SVM Castor Oil,Personal Care,,2.6,,Each,2026-07-03 15:44:20
8885008902844,SVM Deepam Oil,Poojai Items,,5.9,,Each,2026-07-03 15:44:20
8885008900802,SVM Gingelly Oil,Personal Care,,2.9,,Each,2026-07-03 15:44:20
9555720703164,SVM Pooja Oil,Poojai Items,,4.9,,Each,2026-07-03 15:44:20
9300644705332,SWANSON 250ml,Kitchen Essentials,,1.9,,Each,2026-07-03 15:44:20
8886345364746,SWEET GINGER 95GM,Snacks,,1.3,,Each,2026-07-03 15:44:20
9555719717530,Swiss Roll Original,Bakery Goods,,3.8,,Each,2026-07-03 15:44:20
9556072110075,T Chipster Bbq,Snacks,,1.8,0,Each,2026-07-09T12:14:17
9556072020077,T Chipster Sour Cream,Snacks,,1.8,0,Each,2026-07-09T12:17:28
9556072030076,T Chipster Spicy,Snacks,,1.8,0,Each,2026-07-09T12:18:00
8906081202765,T Kumkumam,Poojai Items,,1.5,,Each,2026-07-03 15:44:20
8901031013408,T Lavender IS,Poojai Items,,1,,Each,2026-07-03 15:44:20
8881304527316,T Mango lassi,Dairy Products,,1.8,,Each,2026-07-03 15:44:20
8881304527323,T Sweat Lassi,Dairy Products,,1.8,,Each,2026-07-03 15:44:20
013256621202,T/G Chilli B Beans,Snacks,,1.5,,Each,2026-07-03 15:44:20
013256412305,T/G M/GROUNDNUTS 180G,Snacks,,1.5,,Each,2026-07-03 15:44:20
013256290514,T/GARDEN ALMONDS 40G,Snacks,,1.5,,Each,2026-07-03 15:44:20
8888229814620,Tai Sun Bee Hoon,Noodles,,1.9,0,Each,2026-07-16T11:52:50
8881304775526,Taj Kurau,Indian Provision,,5.2,,Each,2026-07-03 15:44:20
8901030656026,TAJ MAHAL 100G,Breakfast Items,,2.9,,Each,2026-07-03 15:44:20
8881304775601,Taj Mahal Chilli,Indian Provision,,2,,Each,2026-07-03 15:44:20
8881304527293,Taj Mahal Dosa Batter,Indian Provision,,3.7,,Each,2026-07-03 15:44:20
8908001103060,Taj Mahal Papad 50g,Indian Provision,,0.8,0,Each,2026-07-16T15:06:48
8901030658754,TAJ MAHAL TEA 25OG,Breakfast Items,,4.8,,Each,2026-07-03 15:44:20
8901030658761,Tajmahal 500g,Breakfast Items,,7.9,,Each,2026-07-03 15:44:20
8908001103053,Tajmahal Papad,Indian Provision,,1.5,0,Each,2026-07-09T18:41:45
8909106021396,Tajmahal Tea,Breakfast Items,,3.2,,Each,2026-07-03 15:44:20
9556241800042,TAM TAM 10s,Snacks,,2.2,,Each,2026-07-03 15:44:20
9556241350059,TAM TAM SNACKS,Snacks,,1.3,,Each,2026-07-03 15:44:20
8886318910017,TAMARIND SEEDLESS 1KG,Indian Provision,,2.9,,Each,2026-07-03 15:44:20
8886318913001,TAMARIND SEEDLESS 300 GMS,Indian Provision,,1,,Each,2026-07-03 15:44:20
8857107231781,Tao Kae Noi,Snacks,,3.2,,Each,2026-07-03 15:44:20
8857107231774,Tao Kae Noi H&s,Snacks,,3.2,0,Each,2026-07-09T18:22:35
8886345366979,Tapiaco Chips,Snacks,,2,,Each,2026-07-03 15:44:20
8901052003693,Tata Gold 250g,Breakfast Items,,4.4,,Each,2026-07-03 15:44:20
8901052003723,Tata Gold 500g,Breakfast Items,,8.9,,Each,2026-07-03 15:44:20
8901052000906,TATA GOLD TEA 500G,Breakfast Items,,6.5,,Each,2026-07-03 15:44:20
8904043901350,Tata Salt 1kg,Kitchen Essentials,,1.5,,Each,2026-07-03 15:44:20
8904043904108,Tata Salt Powder,Kitchen Essentials,,1.5,,Each,2026-07-03 15:44:20
9555448109286,TAUCU BUMI HIJAU,Canned Food,,2.6,,Each,2026-07-03 15:44:20
8906010368241,TB Butter Muruku,Indian Provision,,2,,Each,2026-07-03 15:44:20
8888650400294,TB Plaster 14cm,Personal Care,,5.1,,Each,2026-07-03 15:44:20
8885005273091,Tea Tree Oil,Personal Care,,5.2,,Each,2026-07-03 15:44:20
5010093259006,Teachers 700cl,Liquor,,44,,Each,2026-07-03 15:44:20
9556085536718,Teddy Biscuits,Snacks,,1.7,0,Each,2026-07-19T19:03:46
7501035042131,TEQUILA 700cl,Liquor,,52,,Each,2026-07-03 15:44:20
8888256320415,TFG Sweet Sauce,Condiments & Sauce,,2.1,,Each,2026-07-03 15:44:20
8850291100031,Tg Bbq Sunflower,Snacks,,0.9,0,Each,2026-07-11T21:38:03
013256321201,Tg Broad Beans Wo/s,Snacks,,2,0,Each,2026-07-11T11:56:45
013256210468,TG CASHEW 40G,Snacks,,1.5,,Each,2026-07-03 15:44:20
8850291102738,Tg Cashew Macadamias,Snacks,,1.5,0,Each,2026-07-18T13:40:07
8850291102721,Tg Cashew Mixed Macadamias,Snacks,,1.5,0,Each,2026-07-11T19:12:49
8850291102783,Tg Cashew With Almods,Snacks,,1.5,0,Each,2026-07-16T13:57:54
8850291101922,Tg Chestnuts 120g,Snacks,,2,0,Each,2026-07-13T15:18:06
8850291114403,TG Garlic Peanuts,Snacks,,2.6,,Each,2026-07-03 15:44:20
013256220412,TG Honey Cashew 40G,Snacks,,1.5,,Each,2026-07-03 15:44:20
8850291160356,TG HONEY SUNFLOUR 35G,Snacks,,0.9,,Each,2026-07-03 15:44:20
013256160350,Tg Honey Sunflower,Snacks,,0.9,0,Each,2026-07-11T19:40:49
8850291103186,Tg Jumbo Raisins,Snacks,,1,0,Each,2026-07-15T17:38:03
013256621219,Tg Kacang Parang,Snacks,,1.5,0,Each,2026-07-13T21:17:39
8850291114144,TG Mala Peanut,Snacks,,2.6,,Each,2026-07-03 15:44:20
013256510414,TG PARTY SNACK 40G,Snacks,,0.9,,Each,2026-07-03 15:44:20
8850291103544,Tg Party Snacks 175g,Snacks,,2,0,Each,2026-07-15T17:38:30
8850291180309,TG Pumpkin Seeds,Snacks,,1.2,,Each,2026-07-03 15:44:20
8850291211607,Tg Salted Cashew Nuts 160g,Snacks,,5.8,0,Each,2026-07-18T17:31:43
8850291111808,Tg Salted Peanut 180g,Snacks,,2,0,Each,2026-07-11T22:21:24
013256110515,Tg Salted Peanuts 40g,Snacks,,0.9,0,Each,2026-07-14T21:53:18
8850291180323,TG Salted Pumpkin 12s,Snacks,,13.2,,Each,2026-07-03 15:44:20
8850291160318,TG SALTED SUNFLOWER 30G,Snacks,,0.9,,Each,2026-07-03 15:44:20
013256111802,Tg Shandong Peanuts,Snacks,,1.5,0,Each,2026-07-18T20:45:32
013256860403,TG Sugar Peanuts,Snacks,,0.9,,Each,2026-07-03 15:44:20
8850291110900,Tg Sunflower Seeds,Snacks,,1.7,0,Each,2026-07-10T21:49:21
VEG11,Thai Lemon,Vegetable,,10,0,KG,2026-07-17T15:16:11
836196000452,Thennamarakudi Oil,Personal Care,,2.8,,Each,2026-07-03 15:44:20
8888353331611,Three Leg Cough Syrup,Personal Care,,4.9,,Each,2026-07-03 15:44:20
8888353331222,Three Legs Cooling Water 6s,Beverages,,5.2,0,Each,2026-07-09T19:57:54
9556042001204,Thumbs Groundnut,Snacks,,2,,Each,2026-07-03 15:44:20
80991014,Tic Tac Mint,Snacks,,1.5,,Each,2026-07-03 15:44:20
80958734,tic tac Strawberry,Snacks,,1.5,,Each,2026-07-03 15:44:20
93698078,TicTac Orange,Snacks,,1.8,,Each,2026-07-03 15:44:20
8888017211211,Tiger 500ml,Beer,,4,,Each,2026-07-03 15:44:20
8888650400324,TIGER BALM,Personal Care,,4.7,,Each,2026-07-03 15:44:20
9556869984100,TIGER BALM R,Personal Care,,3.9,,Each,2026-07-03 15:44:20
8888650400300,Tiger Balm Warm,Personal Care,,5.7,,Each,2026-07-03 15:44:20
8888017206019,Tiger Beer 24s,Beer,,48,,Each,2026-07-03 15:44:20
8888017211013,Tiger Beer 320ml,Beer,,2.5,0,Each,2026-07-20T13:52:15
7622210685025,TIGER CHOC240.gm,Snacks,,1.6,,Each,2026-07-03 15:44:20
8851990401023,TIGER MEDICATED PLASTER R,Personal Care,,3.4,,Each,2026-07-03 15:44:20
8888650400317,TIGER MEDICATED PLASTER G,Personal Care,,4.1,,Each,2026-07-03 15:44:20
7622210684981,TIGER ORI BISCUTS 180G,Snacks,,1.5,,Each,2026-07-03 15:44:20
8888256640414,TIGER SWEET SAUCE 640ML,Condiments & Sauce,,2.3,,Each,2026-07-03 15:44:20
8888256320231,TIGER TOP D/SOY SAUCE 320ML,Condiments & Sauce,,2.7,,Each,2026-07-03 15:44:20
8888256320132,TIGER TOP L/SOY SAUCE 320ML,Condiments & Sauce,,2,,Each,2026-07-03 15:44:20
8888256640230,TIGER TOP Q. D/SOY SAUCE 640ML,Condiments & Sauce,,4.6,,Each,2026-07-03 15:44:20
8888256640131,TIGER TOP Q. L/SOY SAUCE 640ML,Condiments & Sauce,,4.6,,Each,2026-07-03 15:44:20
8850672534035,Tigerplast,Personal Care,,2.2,,Each,2026-07-03 15:44:20
9556231131255,Tiggies Peanut,Bakery Goods,,1.8,0,Each,2026-07-09T21:44:24
8850545757578,TIPAROS Fish Sauce,Condiments & Sauce,,2.4,,Each,2026-07-03 15:44:20
8888353331420,TL Cooling Water,Beverages,,1.8,,Each,2026-07-03 15:44:20
8888353311231,TL Proviylief Cough Syrup,Personal Care,,6.1,,Each,2026-07-03 15:44:20
8881304713801,TM Badam Milk,Dairy Products,,1.8,,Each,2026-07-03 15:44:20
8881304713849,TM Butter Milk,Dairy Products,,1.6,,Each,2026-07-03 15:44:20
8881304713818,TM Dates Badam,Indian Provision,,2,,Each,2026-07-03 15:44:20
8881304775519,TM Dry Fish,Indian Provision,,2,,Each,2026-07-03 15:44:20
8881304775502,TM Dry Fish W/H,Indian Provision,,2,,Each,2026-07-03 15:44:20
8881304775588,TM Dry Lotia 150g,Indian Provision,,3,,Each,2026-07-03 15:44:20
8881304775533,TM Dry Prawn,Indian Provision,,3.9,,Each,2026-07-03 15:44:20
8881304776870,TM Ikan Kunning,Indian Provision,,2.5,,Each,2026-07-03 15:44:20
8881304775618,TM Jaggery Powder,Indian Provision,,3.2,,Each,2026-07-03 15:44:20
8881304775670,TM Kunning,Indian Provision,,2.8,,Each,2026-07-03 15:44:20
8881304775786,TM Lemon Juice,Beverages,,1.4,,Each,2026-07-03 15:44:20
8881304775755,TM Paneer 200g,Dairy Products,,3.9,,Each,2026-07-03 15:44:20
8881304775397,TM Rosemilk,Dairy Products,,1.8,,Each,2026-07-03 15:44:20
8881304614085,TM Yoghurt 500g,Dairy Products,,3,,Each,2026-07-03 15:44:20
8887469888835,Tobacco Paper,General Merchandise,,0.2,,Each,2026-07-03 15:44:20
7614500010013,Toblerone 100g,Snacks,,2.9,0,Each,2026-07-10T14:04:27
7614500010310,Toblerone White,Snacks,,2.9,0,Each,2026-07-17T20:14:25
8886461600919,Toilet Brush,Household Products,,2.3,,Each,2026-07-03 15:44:20
VEG12,Tomato,Vegetable,,3.8,0,KG,2026-07-17T15:16:11
8852047237114,Tommy Fruity,Snacks,,0.6,0,Each,2026-07-20T19:38:10
8888279103040,TOMYAM BIG,Noodles,,2.5,,Each,2026-07-03 15:44:20
9556570105122,TONIC WATER,Beverages,,1.2,,Each,2026-07-03 15:44:20
8888002065003,TONIC WATER 330ML,Beverages,,1.3,,Each,2026-07-03 15:44:20
8888300303159,TOP AB,Household Products,,4.9,,Each,2026-07-03 15:44:20
8888300303111,TOP Antibacteria,Household Products,,9.5,,Each,2026-07-03 15:44:20
8888300300400,Top AntiBacterial,Household Products,,7.2,,Each,2026-07-03 15:44:20
8888300303104,Top Anti-Bacterial,Household Products,,4.9,,Each,2026-07-03 15:44:20
8888300303012,TOP ANTI-BACTERIAL 3L,Household Products,,7.45,,Each,2026-07-03 15:44:20
8888300300424,Top Blooming Fresh,Household Products,,7.5,,Each,2026-07-03 15:44:20
8888300306006,Top Blooming Fresh Refill,Household Products,,4.9,,Each,2026-07-03 15:44:20
8888300304002,TOP Low Suds 2.8kg,Household Products,,10.9,,Each,2026-07-03 15:44:20
8888300300387,Top Super Colour,Household Products,,7.2,,Each,2026-07-03 15:44:20
8888300302107,Top Super Colour Refill A,Household Products,,4.9,,Each,2026-07-03 15:44:20
8888300302169,TOP SUPER COLOUR Refill B,Household Products,,4.9,,Each,2026-07-03 15:44:20
8888300304026,Top Super Low Suds,Household Products,,4.9,,Each,2026-07-03 15:44:20
8888300300080,TOP SUPER LOW SUDS 3KG,Household Products,,9.6,,Each,2026-07-03 15:44:20
8888300300363,TOP Super White,Household Products,,7.2,,Each,2026-07-03 15:44:20
8888300301094,Top Super White 1.6kg,Household Products,,4.9,,Each,2026-07-03 15:44:20
9556285007346,Top Super White 2.1kg,Household Products,,7.2,0,Each,2026-07-18T13:32:43
8888300301100,TOP SUPER WHITE 2.6KG,Household Products,,9.2,,Each,2026-07-03 15:44:20
4800016138577,Tortillos,Snacks,,1.3,,Each,2026-07-03 15:44:20
4902430650427,Touch of DOWNY,Household Products,,12.9,,Each,2026-07-03 15:44:20
TPGS,Tpg Sim Card,Telecom,,0.1,0,Each,2026-07-04T15:00:54
8888047756966,Triple Power Detergent,Household Products,,1.8,,Each,2026-07-03 15:44:20
8888256640254,TSG Dark Soya Sauce,Condiments & Sauce,,3.9,,Each,2026-07-03 15:44:20
8888256320255,TSG Dark Soya Sauce 320ml,Condiments & Sauce,,2.1,,Each,2026-07-03 15:44:20
8888256640155,TSG Light Soya Sauce,Condiments & Sauce,,3.9,,Each,2026-07-03 15:44:20
8888256320156,TSG Light Soya Sauce 320ml,Condiments & Sauce,,2.1,,Each,2026-07-03 15:44:20
8886320300080,TSS Cuttlefish,Snacks,,2.1,,Each,2026-07-03 15:44:20
8901031000606,TULASI FLORA,Poojai Items,,1.8,,Each,2026-07-03 15:44:20
9556041611466,Tuna Chunks in Olive Oil,Canned Food,,3.9,,Each,2026-07-03 15:44:20
9556041613927,Tuna Chunks in Water,Canned Food,,3.8,,Each,2026-07-03 15:44:20
9556041611473,Tuna Flakes Olive,Canned Food,,3.9,,Each,2026-07-03 15:44:20
9556231131071,Twiggies Choc,Bakery Goods,,1.8,0,Each,2026-07-09T19:29:28
9556231131064,Twiggies Vanilla,Bakery Goods,,1.8,0,Each,2026-07-10T20:20:45
7622210270092,TWISTIES BBQ,Snacks,,1.3,,Each,2026-07-03 15:44:20
7622210270108,TWISTIES CHEESE,Snacks,,1.3,,Each,2026-07-03 15:44:20
9556072080057,Twisties Cheezels,Snacks,,1.3,0,Each,2026-07-13T15:18:36
9556072120050,TWISTIES CHICKEN,Snacks,,1.3,,Each,2026-07-03 15:44:20
9556072020909,TWISTIES CHICKEN 80G,Snacks,,1.3,,Each,2026-07-03 15:44:20
7622210270115,TWISTIES CKN,Snacks,,1.3,,Each,2026-07-03 15:44:20
7622210270122,TWISTIES TOMATO,Snacks,,1.3,,Each,2026-07-03 15:44:20
8904064612020,U Appalam 120g,Indian Provision,,1.5,,Each,2026-07-03 15:44:20
8904064613850,U Jerera Rice,Rice,,5.9,,Each,2026-07-03 15:44:20
8906002130207,U Moong Dhal,Indian Provision,,4.2,,Each,2026-07-03 15:44:20
9555720700972,U Omam Water 280ML,Poojai Items,,1,,Each,2026-07-03 15:44:20
8904064673861,U Ponni Rice 1kg,Rice,,2.6,,Each,2026-07-03 15:44:20
8904064611771,U PONNI RICE 5KG,Rice,,9,,Each,2026-07-03 15:44:20
9555720700989,U Rose Water 300ML,Poojai Items,,1,,Each,2026-07-03 15:44:20
8906002131198,U Toor Dhal 1kg,Indian Provision,,4.3,,Each,2026-07-03 15:44:20
8906002131860,U Toor Dhall 500g,Indian Provision,,2.8,,Each,2026-07-03 15:44:20
9555411207919,UD CAMPHOR 65G,Poojai Items,,1.3,,Each,2026-07-03 15:44:20
8904064600942,UD FRIED GRAM 250G,Indian Provision,,1.4,,Each,2026-07-03 15:44:20
9555411201689,UD SUNFLOWER OIL 1L,Cooking Oil,,4.9,,Each,2026-07-03 15:44:20
8904064612037,Udhayam Appalam,Indian Provision,,0.8,,Each,2026-07-03 15:44:20
8904064600362,UDHAYAM CUMMIN 100G,Indian Provision,,2.1,,Each,2026-07-03 15:44:20
8904064600720,UDHAYAM FENUGREEK 100G,Indian Provision,,1.2,,Each,2026-07-03 15:44:20
8904064613881,Udhayam Idly Rice 1kg,Rice,,3,,Each,2026-07-03 15:44:20
8904064612440,Udhayam Idly Rice 5kg,Rice,,11.5,,Each,2026-07-03 15:44:20
8906002130092,Udhayam Orid Dhall 1kg,Indian Provision,,4.5,,Each,2026-07-03 15:44:20
8904064613867,UDHAYAM PONNI RICE 1KG,Rice,,2.6,,Each,2026-07-03 15:44:20
9555411201573,UDHAYAM S F OIL 2L,Cooking Oil,,7.9,,Each,2026-07-03 15:44:20
8904064601697,UDHAYAM SPICES MIX 80G,Indian Provision,,2.2,,Each,2026-07-03 15:44:20
8904064613942,Udhayam Tamarind 500g,Indian Provision,,3.5,,Each,2026-07-03 15:44:20
8904064601017,UHAYAM GREEN MOONG 500G,Indian Provision,,2.9,,Each,2026-07-03 15:44:20
4026700407563,Uhu Adhesive 20g,General Merchandise,,2.7,0,Each,2026-07-09T20:05:02
40267654,UHU stic 21G,General Merchandise,,3,,Each,2026-07-03 15:44:20
40267609,UHU stic 8.2g,General Merchandise,,2.4,,Each,2026-07-03 15:44:20
8888267320527,UIC A Bacterial,Household Products,,3.9,,Each,2026-07-03 15:44:20
8888267201499,UIC AB DISHWASH 600ML,Household Products,,1.8,,Each,2026-07-03 15:44:20
8888267320510,UIC Color Care,Household Products,,3.9,,Each,2026-07-03 15:44:20
8888267300253,UIC DISHWASH 750.ML,Household Products,,2.6,,Each,2026-07-03 15:44:20
8888267201482,UIC DISHWASH LIME 600ML,Household Products,,1.6,,Each,2026-07-03 15:44:20
8888267201475,UIC Diswash Lemon,Household Products,,1.6,,Each,2026-07-03 15:44:20
8888267320503,UIC Floral 1.6kg,Household Products,,3.9,,Each,2026-07-03 15:44:20
8888267320701,UIC Low Suds,Household Products,,3.9,,Each,2026-07-03 15:44:20
8888217002107,Unif Instant Noodles,Noodles,,3.1,0,Each,2026-07-14T20:51:51
9312412515630,United Green,Tobacco,,14.8,,Each,2026-07-03 15:44:20
9312412515081,UNITED RED,Tobacco,,14.8,,Each,2026-07-03 15:44:20
8906010180621,UPASANA insence,Poojai Items,,2.9,,Each,2026-07-03 15:44:20
8888075031981,V Blue Boost 10,Tobacco,,138,,Each,2026-07-03 15:44:20
88823041,V Blue Switch,Tobacco,,14.1,,Each,2026-07-03 15:44:20
8801619047545,V Lip Therapy,Personal Care,,3.2,,Each,2026-07-03 15:44:20
8906090541220,V Phool Makhana,Indian Snacks,,8.9,,Each,2026-07-03 15:44:20
88823003,V Red Switch,Tobacco,,14.5,,Each,2026-07-03 15:44:20
8888075045070,V Sakura Boost,Tobacco,,14,,Each,2026-07-03 15:44:20
8904452000675,Varahi,Poojai Items,,2.9,,Each,2026-07-03 15:44:20
8904452000385,Varahi B Camphor,Poojai Items,,2.4,,Each,2026-07-03 15:44:20
8904452000392,Varahi B Camphor 50g,Poojai Items,,4.1,,Each,2026-07-03 15:44:20
8904452000422,Varahi Camphor,Poojai Items,,2.2,,Each,2026-07-03 15:44:20
8906172770425,Varahi Chekku Oil 500ml,Cooking Oil,,6.5,,Each,2026-07-03 15:44:20
8906172770449,Varahi Ground Nut Oil,Cooking Oil,,4.3,,Each,2026-07-03 15:44:20
8906172770197,Varahi Lavender Cone,Poojai Items,,1.8,,Each,2026-07-03 15:44:20
8904452005397,Varahi Pooja Oil,Poojai Items,,4.5,,Each,2026-07-03 15:44:20
8904452000569,Varahi Sandal Powder,Poojai Items,,1.2,,Each,2026-07-03 15:44:20
8904452000552,Varahi Turmeric,Poojai Items,,1,,Each,2026-07-03 15:44:20
8904452000644,Varahi Vibuthi,Poojai Items,,1.5,,Each,2026-07-03 15:44:20
42182627,Vaseline Original,Personal Care,,2.4,,Each,2026-07-03 15:44:20
6151100139511,Vaseline,Personal Care,,1.6,,Each,2026-07-03 15:44:20
8999999003067,Vaseline SPF24,Personal Care,,2.6,,Each,2026-07-03 15:44:20
6001085120946,Vaseline 100ml,Personal Care,,2.9,,Each,2026-07-03 15:44:20
8851932281324,Vaseline A Soothe,Personal Care,,2.6,,Each,2026-07-03 15:44:20
8999999003074,Vaseline Aloe Soothe,Personal Care,,2.4,,Each,2026-07-03 15:44:20
8999999003081,Vaseline Deep Restore,Personal Care,,2.4,,Each,2026-07-03 15:44:20
8851932281256,Vaseline Deep Store,Personal Care,,2.6,,Each,2026-07-03 15:44:20
8934868135319,Vaseline FB Cooling,Personal Care,,2.4,,Each,2026-07-03 15:44:20
8901207038471,Vatika 150ml,Personal Care,,3.2,,Each,2026-07-03 15:44:20
8901207038440,Vatika 300ml,Personal Care,,5.9,,Each,2026-07-03 15:44:20
8906081202086,VEL Sandal Powder,Personal Care,,1.5,,Each,2026-07-03 15:44:20
4902430792851,Venus Daisy3,Personal Care,,2.9,,Each,2026-07-03 15:44:20
8991001400284,VH Cocoa Powder,Kitchen Essentials,,4.2,,Each,2026-07-03 15:44:20
8888075019552,VHM Blue Boost,Tobacco,,16.5,,Each,2026-07-03 15:44:20
8888075046114,VHM D Melo Boost,Tobacco,,16.5,,Each,2026-07-03 15:44:20
8888075038386,VHM FUJI BOOST,Tobacco,,16.5,,Each,2026-07-03 15:44:20
8888075038393,VHM Fuji Boost 10s,Tobacco,,162,,Each,2026-07-03 15:44:20
8888075019545,VHM Green Cool,Tobacco,,16.5,,Each,2026-07-03 15:44:20
88823010,VHM Menthol,Tobacco,,16.5,,Each,2026-07-03 15:44:20
88823027,VHM Menthol Super,Tobacco,,16.5,,Each,2026-07-03 15:44:20
8888075029216,VHM Purple Boost,Tobacco,,16.5,,Each,2026-07-03 15:44:20
8888075031998,VHM Purple Boost 10s,Tobacco,,162,,Each,2026-07-03 15:44:20
8901288412009,VICCO 200g,Personal Care,,3.9,,Each,2026-07-03 15:44:20
8901288011004,Vicco Tooth Paste 100g,Personal Care,,3.4,0,Each,2026-07-14T19:30:41
4987176191205,VICKS,Personal Care,,2.9,,Each,2026-07-03 15:44:20
4987176191359,Vicks Inhaler I,Personal Care,,2.6,,Each,2026-07-03 15:44:20
9300618530045,Vicks Inhaler ,Personal Care,,3.9,,Each,2026-07-03 15:44:20
4902430393126,VICKS INHALER 0.5ML,Personal Care,,2.2,,Each,2026-07-03 15:44:20
8888047778838,Vicks Inhaler 3s,Personal Care,,6.9,,Each,2026-07-03 15:44:20
4987176008756,VICKS Original Menthol,Personal Care,,4.8,,Each,2026-07-03 15:44:20
4987176600554,VICKS VAPORUB 10GM,Personal Care,,1.5,,Each,2026-07-03 15:44:20
4987176601285,VICKS VAPORUB 50G,Personal Care,,4.2,,Each,2026-07-03 15:44:20
4987176102751,VICKS Xtra Strong,Personal Care,,4.8,,Each,2026-07-03 15:44:20
8909106017993,Vim 250ml,Household Products,,2.5,,Each,2026-07-03 15:44:20
8901030743467,Vim Bar,Household Products,,1.3,,Each,2026-07-03 15:44:20
8909106037090,Vim Bar 250g,Household Products,,1.2,0,Each,2026-07-15T13:42:03
8909106018006,Vim Dishwash 500ml,Household Products,,3.9,,Each,2026-07-03 15:44:20
8901030962783,Vim Washing Liquid,Household Products,,3.9,,Each,2026-07-03 15:44:20
9555448109279,VINEGAR (CUKA) 640ML,Condiments & Sauce,,1.8,,Each,2026-07-03 15:44:20
8881304324243,VINYL Glove L,Household Products,,6.9,,Each,2026-07-03 15:44:20
8881304324212,VINYL Glove M,Household Products,,6.9,,Each,2026-07-03 15:44:20
793591718729,VIP Colour,Personal Care,,2.9,,Each,2026-07-03 15:44:20
6291007902204,Vita marie Gold 122g,Snacks,,1.3,,Each,2026-07-03 15:44:20
8888026531003,Vitagen,Marigold,,3.6,0,Each,2026-07-19T13:51:28
8888026532000,Vitagen Collagen,Marigold,,4,0,Each,2026-07-20T14:15:05
8888002237479,VITAMIN Trible Berry,Beverages,,2.2,,Each,2026-07-03 15:44:20
9551022470384,VITAMIN WATER Fruit punch ,Beverages,,2.3,0,Each,2026-07-17T18:25:16
9551022470346,Vitamin Water Orange,Beverages,,2.3,0,Each,2026-07-17T18:21:27
4891028711285,VITASOY,Beverages,,2,,Each,2026-07-03 15:44:20
8902967303892,VSOP Brandy 90ml,Liquor,,6,6,Each,2026-07-03 15:44:20
8906009512327,VVD COCONUT OIL 200ML,Personal Care,,2.8,,Each,2026-07-03 15:44:20
8906009512228,VVD GOLD 100 ML,Personal Care,,1.6,,Each,2026-07-03 15:44:20
8901747003175,WAGH BAKRI,Breakfast Items,,5.7,,Each,2026-07-03 15:44:20
8901747003182,WAGH BAKRI 2 IN 1,Breakfast Items,,4.9,,Each,2026-07-03 15:44:20
8885014300016,Wan Bleach,Household Products,,3.7,,Each,2026-07-03 15:44:20
6906839701016,Want Want Milk,Beverages,,1.4,0,Each,2026-07-12T11:52:03
9555819900313,WATER 4 U 500ML,Beverages,,0.6,,Each,2026-07-03 15:44:20
8886461600490,Water Puller,Household Products,,5.9,,Each,2026-07-03 15:44:20
9555819900337,WATER4U,Beverages,,1.3,,Each,2026-07-03 15:44:20
8901747002246,WB Cardamom,Breakfast Items,,4.3,,Each,2026-07-03 15:44:20
8901747002468,WB Cardamom Tea,Breakfast Items,,5.9,,Each,2026-07-03 15:44:20
8901747002444,WB Ginger Tea,Breakfast Items,,5.9,,Each,2026-07-03 15:44:20
8901747003694,WB Masala Chai,Breakfast Items,,6.9,,Each,2026-07-03 15:44:20
8901747002451,WB Masala Tea,Breakfast Items,,5.9,,Each,2026-07-03 15:44:20
079567850076,Wd 40 70ml,Household Products,,6.5,0,Each,2026-07-15T14:31:48
40144016,Werthers,Snacks,,1,0,Each,2026-07-19T16:31:42
4582220480115,Wet Wiper,Household Products,,2,0,Each,2026-07-12T15:44:04
4902430044226,Whisper Wings 16s,Personal Care,,4.3,0,Each,2026-07-14T21:26:33
8886345365040,WHITE PAPAYA SLICE 95GM,Snacks,,1.3,,Each,2026-07-03 15:44:20
8886345364852,WHITE PLUM SLICE 95GM,Snacks,,1.3,,Each,2026-07-03 15:44:20
8886345365019,WHITE SWEET PLUM 95GM,Snacks,,1.3,,Each,2026-07-03 15:44:20
6972830530238,Windproof Lighter,General Merchandise,,1.5,,Each,2026-07-03 15:44:20
40331423,WINSTON B L,Tobacco,,17,,Each,2026-07-03 15:44:20
123193,WINSTON BLUE,Tobacco,,17,,Each,2026-07-03 15:44:20
4033100061004,WINSTON C L,Tobacco,,17,,Each,2026-07-03 15:44:20
123123,WINSTON CLASSIC,Tobacco,,17,,Each,2026-07-03 15:44:20
8888001743827,Wintermelon 300ml,Beverages,,1.1,0,Each,2026-07-10T13:15:13
8886461600384,WOOD MOP,Household Products,,4.4,,Each,2026-07-03 15:44:20
6944120800178,Wooden Cotton Swab,Personal Care,,1,0,Each,2026-07-11T18:29:01
8886461600605,WOODEN DUSTPIN,Household Products,,2.5,,Each,2026-07-03 15:44:20
8992858688214,Woods HL,Snacks,,1,,Each,2026-07-03 15:44:20
8901751358568,Woods Natural Incense,Household Products,,2,0,Each,2026-07-10T21:44:10
8993218187705,Woods orange,Snacks,,1,,Each,2026-07-03 15:44:20
8992858687101,Woods Original,Snacks,,1,0,Each,2026-07-18T20:35:19
4710144802380,Ww Shelly Senbei,Snacks,,3.3,0,Each,2026-07-12T13:43:57
8901751001167,Yagna,Poojai Items,,1.5,,Each,2026-07-03 15:44:20
8888328896015,YAKULT Assorted,Beverages,,3.6,,Each,2026-07-03 15:44:20
9555674600823,Yami Gula Melaka,Bakery Goods,,1.8,0,Each,2026-07-10T21:00:02
8888077101101,Yan Yan Chocolate,Snacks,,1.3,,Each,2026-07-03 15:44:20
8888077101125,YAN YAN SBERRY SNACK 57G,Snacks,,1.3,,Each,2026-07-03 15:44:20
8903105010313,Yardley E Rose,Personal Care,,3.5,,Each,2026-07-03 15:44:20
8903105010818,Yardley M Dew,Personal Care,,3.5,,Each,2026-07-03 15:44:20
8903105010146,Yardley Red Roses,Personal Care,,3.5,,Each,2026-07-03 15:44:20
5014697027948,Yardly Orchid,Personal Care,,3.9,0,Each,2026-07-10T18:18:37
8901184108365,Yatra,Poojai Items,,1.5,,Each,2026-07-03 15:44:20
8901184110023,Yatra stick,Poojai Items,,1,,Each,2026-07-03 15:44:20
8901184111228,Yatra Cone,Poojai Items,,1.5,,Each,2026-07-03 15:44:20
VEG13,Yellow Onion,Vegetable,,3,0,KG,2026-07-17T15:16:11
8886461600841,Yellow Scrub,Household Products,,2,,Each,2026-07-03 15:44:20
9556156055933,Yeos Chry No Sugar,Beverages,,3,,Each,2026-07-03 15:44:20
9556156056602,Yeos Chrysanthemum,Beverages,,1.3,,Each,2026-07-03 15:44:20
8888001788071,YEOS CHRYSANTHEMUM 1.48L,Beverages,,2.5,,Each,2026-07-03 15:44:20
9556156040045,YEOS CHRYSANTHEMUM 6X250 ML,Beverages,,3,,Each,2026-07-03 15:44:20
8888001789757,YEOS COCONUT DRINK 500ML,Beverages,,1.5,,Each,2026-07-03 15:44:20
9556156057098,Yeos G Tea 6s,Beverages,,3,,Each,2026-07-03 15:44:20
9556156034808,YEOS GRASS JELLY 300ML,Beverages,,1,,Each,2026-07-03 15:44:20
9556156057104,Yeos green Tea,Beverages,,1,,Each,2026-07-03 15:44:20
9556156040878,YEOS ICE LEMON TEA 300ML,Beverages,,1,,Each,2026-07-03 15:44:20
9556156056626,Yeos Lemon Barley,Beverages,,1.3,,Each,2026-07-03 15:44:20
9556156040229,YEOS LEMON BARLEY 6X250ML,Beverages,,3,,Each,2026-07-03 15:44:20
9556156001992,Yeos Lemon Tea,Beverages,,1,,Each,2026-07-03 15:44:20
9556156004917,Yeos Lemon Tea 6s,Beverages,,3,,Each,2026-07-03 15:44:20
9556156058538,Yeos Longan 1.5L,Beverages,,2.5,,Each,2026-07-03 15:44:20
9556156058699,Yeos Longan 380ml,Beverages,,1.3,,Each,2026-07-03 15:44:20
9556156056541,Yeos Lychee,Beverages,,1.3,,Each,2026-07-03 15:44:20
9556156047587,Yeos Lychee 1.5L,Beverages,,2.5,,Each,2026-07-03 15:44:20
9556156040199,YEOS LYCHEE 6X250ML,Beverages,,3,,Each,2026-07-03 15:44:20
9556156057814,Yeos P Fruit 380ml,Beverages,,1.3,,Each,2026-07-03 15:44:20
9556156057869,Yeos P Fruit 1.5,Beverages,,2.5,,Each,2026-07-03 15:44:20
9556156057852,Yeos passion Fruit 6s,Beverages,,3,,Each,2026-07-03 15:44:20
9556156057043,Yeos Rosemilk,Beverages,,1.4,,Each,2026-07-03 15:44:20
9556156056589,Yeos Soy Milk,Beverages,,1.3,,Each,2026-07-03 15:44:20
9556156040014,YEOS SOYA BEAN 6X250ML,Beverages,,3,,Each,2026-07-03 15:44:20
9556156040106,Yeos Sugar Cane,Beverages,,3,,Each,2026-07-03 15:44:20
9556156035966,Yeos White Grape,Beverages,,1.1,0,Each,2026-07-09T20:09:48
9556156005617,Yeos Winter Melon 6s,Beverages,,3,,Each,2026-07-03 15:44:20
9556156056527,Yeos Winter Melon 380ml,Beverages,,1.3,,Each,2026-07-03 15:44:20
8888001743506,Yeos Winter Melon 1.5 L,Beverages,,2.6,0,Each,2026-07-11T13:58:13
9556156040373,YEOS WINTER MELON TEA6X250ML,Beverages,,3,,Each,2026-07-03 15:44:20
9556156005471,Yeos Wmelon,Beverages,,1,,Each,2026-07-03 15:44:20
8886311102860,YEYE 3 IN 1 45 SACHETS,Breakfast Items,,7,,Each,2026-07-03 15:44:20
4800194114462,Yoishi Pillowos,Snacks,,2.6,2,Each,2026-07-03 15:44:20
4987072001318,YOKO YOKO LS,Personal Care,,6.8,,Each,2026-07-03 15:44:20
95503349,YU YEE OIL 10ML,Personal Care,,3.3,,Each,2026-07-03 15:44:20
95504704,YU YEE OIL 22ML,Personal Care,,5.9,,Each,2026-07-03 15:44:20
8888200650148,YUZU,F&n,,1.2,,Each,2026-07-03 15:44:20
8888200615666,Yuzu 946ml,F&n,,2.8,,Each,2026-07-03 15:44:20
8888077130101,YY cookies n cream,Snacks,,1.3,,Each,2026-07-03 15:44:20
8906015120394,Z - TALG 200g,Personal Care,,4.5,,Each,2026-07-03 15:44:20
8906015120585,Z for Men 100g,Personal Care,,2.9,,Each,2026-07-03 15:44:20
8906015120028,Z. powder,Personal Care,,3.5,,Each,2026-07-03 15:44:20
8886456605530,ZAM ZAM DHOOP CONES,Personal Care,,1.5,,Each,2026-07-03 15:44:20
8886333901250,ZAM-BUK 25G,Personal Care,,7.5,,Each,2026-07-03 15:44:20
8901248701112,ZANDU Balm,Personal Care,,3.4,,Each,2026-07-03 15:44:20
180127000104,ZICO 1L,Beverages,,4.1,,Each,2026-07-03 15:44:20
180127000005,ZICO 330ml,Beverages,,2,,Each,2026-07-03 15:44:20
30055933,Zig Zag,General Merchandise,,0.5,0,Each,2026-07-21T12:08:29
3057068017782,ZIGZAG FILTERS,General Merchandise,,2,,Each,2026-07-03 15:44:20
6977445275758,Zjh 5 Scissors,General Merchandise,,1.5,0,Each,2026-07-10T12:32:05
8888200716400,100plus Lemon 1.5l,Beverages,,2.7,0,Each,2026-07-31T21:16:26
3014260316648,7 O Clock Blade,Personal Care,,1.2,0,Each,2026-07-31T21:02:34
8888200716004,Active 300ml,Beverages,,1.2,0,Each,2026-07-31T22:00:26
501032710521,Adabi Fried Ch Flour,Kitchen Essentials,,1.5,0,Each,2026-08-02T14:38:55
3616303459284,Adidas Shoer Gel,Personal Care,,5.9,0,Each,2026-08-01T19:34:56
9556045012047,Ajinomoto 33g1,Kitchen Essentials,,1,0,Each,2026-08-01T11:00:29
8885002891113,Anarkali Basmati Rice 1kg,Rice,,4.9,0,Each,2026-07-29T16:32:43
7791293048871,Axe Black Night,Personal Care,,4.1,0,Each,2026-08-02T14:33:21
9556041603171,Ayam Whole Kernal Corn,Household Products,,2,0,Each,2026-07-30T18:08:36
5000399001003,Blu Tack 1,General Merchandise,,2.4,0,Each,2026-07-30T20:30:04
8901537024090,Daawat Basmati 5kg,Rice,,22.9,0,Each,2026-07-29T20:26:02
9556111622712,Dettol 1l,Household Products,,12.9,0,Each,2026-07-31T15:39:11
8850309202269,Dewberry St,Bakery Goods,,1.5,0,Each,2026-07-30T15:24:45
4902430245012,Downy Sunrise Fresh,Household Products,,8.9,0,Each,2026-07-30T13:28:27
8888951888777,Eagle Brand 6ml,Personal Care,,2.6,0,Each,2026-07-30T14:47:01
8888200713607,Fn Fruitade,Beverages,,1.6,0,Each,2026-07-29T19:24:26
8888200713096,Fn Grape 300ml,Beverages,,1.2,0,Each,2026-07-31T21:57:48
8888200714000,Fn Grass Jelly 300ml,Beverages,,1.2,0,Each,2026-07-31T21:25:49
8888200715007,Fn Mango 300ml,Beverages,,1.2,0,Each,2026-07-31T21:26:28
8888200715021,Fn Pineapple 300ml,Beverages,,1.2,0,Each,2026-07-31T21:31:36
8901063151345,Goodday Pistachio,Snacks,,0.8,0,Each,2026-07-22T20:42:02
8888260001027,Hf Kaya,Breakfast Items,,2.9,0,Each,2026-07-29T13:36:56
9556085501938,Hup Seng Sugar Cracker,Bakery Goods,,2.9,0,Each,2026-07-30T20:36:02
8888200717223,Ice Mountain 600ml 24s,Beverages,,14.3,0,Each,2026-08-01T15:03:51
7038513894000,Jorden Toothbrush,Personal Care,,1.6,0,Each,2026-08-01T11:44:41
9555674601387,Layered Cake,Bakery Goods,,1.5,0,Each,2026-08-01T17:20:39
40111445,M&m Peanuts,Snacks,,1.6,0,Each,2026-08-01T19:40:17
6920238090625,Nongshim Shin Ramyun,Noodles,,5.5,0,Each,2026-07-22T21:31:44
6920238066019,Nongshim Soup Noodle,Noodles,,5.5,0,Each,2026-07-22T21:30:06
8888942801501,Och Sesame Oil 150ml,Household Products,,1.5,0,Each,2026-07-30T19:36:54
5017306008321,Pears Soap O,Personal Care,,1.5,0,Each,2026-07-30T19:14:33
9556404127870,Pepsi 1.5l,Beverages,,2.6,0,Each,2026-08-02T13:38:04
9556404127887,Pepsi 500ml,Beverages,,1.6,0,Each,2026-07-31T12:19:05
8888196170033,Pokka Oolong 1.5l,Beverages,,2.6,0,Each,2026-07-31T20:08:03
8888970362142,R White Pepper Powder,Kitchen Essentials,,2.3,0,Each,2026-07-30T16:50:57
800524002234,Ruchi Mango,Indian Provision,,2.6,0,Each,2026-07-31T14:51:59
8850109001123,Siang Pure 7cc,Personal Care,,2.8,0,Each,2026-08-01T12:02:09
8888001743766,Soya 300ml,Beverages,,1.1,0,Each,2026-07-29T16:23:16
490629023,Ssr Roated Gram,Indian Provision,,1.8,0,Each,2026-07-22T19:47:29
8850291010408,Tg Pistachios 35g,Snacks,,1.5,0,Each,2026-07-29T15:17:04
